index,InvoiceNo,StockCode,Description,Quantity,InvoiceDate,UnitPrice,CustomerID,Country,Cancelled
2406,536589,21777,,-10,2010-12-01 16:50:00,0.0,,United Kingdom,False
4347,536764,84952C,,-38,2010-12-02 14:42:00,0.0,,United Kingdom,False
7188,536996,22712,,-20,2010-12-03 15:30:00,0.0,,United Kingdom,False
7189,536997,22028,,-20,2010-12-03 15:30:00,0.0,,United Kingdom,False
7190,536998,85067,,-6,2010-12-03 15:30:00,0.0,,United Kingdom,False
7192,537000,21414,,-22,2010-12-03 15:32:00,0.0,,United Kingdom,False
7193,537001,21653,,-6,2010-12-03 15:33:00,0.0,,United Kingdom,False
7195,537003,85126,,-2,2010-12-03 15:33:00,0.0,,United Kingdom,False
7196,537004,21814,,-30,2010-12-03 15:34:00,0.0,,United Kingdom,False
7197,537005,21692,,-70,2010-12-03 15:35:00,0.0,,United Kingdom,False
7198,537006,21648,,-130,2010-12-03 15:36:00,0.0,,United Kingdom,False
7199,537007,21172,,-80,2010-12-03 15:36:00,0.0,,United Kingdom,False
7200,537008,21161,,-120,2010-12-03 15:37:00,0.0,,United Kingdom,False
7201,537009,84534B,,-80,2010-12-03 15:38:00,0.0,,United Kingdom,False
7202,537010,22162,,-40,2010-12-03 15:38:00,0.0,,United Kingdom,False
7203,537011,22139,,-5,2010-12-03 15:38:00,0.0,,United Kingdom,False
7204,537012,21535,,-12,2010-12-03 15:39:00,0.0,,United Kingdom,False
7205,537013,35965,,-25,2010-12-03 15:40:00,0.0,,United Kingdom,False
7206,537014,21040,,-20,2010-12-03 15:40:00,0.0,,United Kingdom,False
7207,537015,37464,,-14,2010-12-03 15:41:00,0.0,,United Kingdom,False
7208,537016,21836,,-15,2010-12-03 15:41:00,0.0,,United Kingdom,False
7209,537017,47556B,,-69,2010-12-03 15:41:00,0.0,,United Kingdom,False
7210,537018,84562A,,-3,2010-12-03 15:42:00,0.0,,United Kingdom,False
7211,537019,37474,,-15,2010-12-03 15:43:00,0.0,,United Kingdom,False
7212,537020,21807,,-30,2010-12-03 15:43:00,0.0,,United Kingdom,False
7213,537021,21011,,-20,2010-12-03 15:43:00,0.0,,United Kingdom,False
7291,537027,18098C,,-140,2010-12-03 16:36:00,0.0,,United Kingdom,False
7292,537028,21696,,-320,2010-12-03 16:36:00,0.0,,United Kingdom,False
7293,537029,37476,,-6,2010-12-03 16:37:00,0.0,,United Kingdom,False
7313,537032,21275,?,-30,2010-12-03 16:50:00,0.0,,United Kingdom,False
12069,537363,84569B,,-20,2010-12-06 12:35:00,0.0,,United Kingdom,False
12070,537364,21027,,-70,2010-12-06 12:36:00,0.0,,United Kingdom,False
12934,537401,84898F,,-24,2010-12-06 14:37:00,0.0,,United Kingdom,False
13217,537425,84968F,check,-20,2010-12-06 15:35:00,0.0,,United Kingdom,False
13218,537426,84968E,check,-35,2010-12-06 15:36:00,0.0,,United Kingdom,False
13219,537427,84968B,,-21,2010-12-06 15:37:00,0.0,,United Kingdom,False
13264,537432,35833G,damages,-43,2010-12-06 16:10:00,0.0,,United Kingdom,False
14060,537449,21054,,-30,2010-12-07 09:26:00,0.0,,United Kingdom,False
14061,537450,20684,,-19,2010-12-07 09:26:00,0.0,,United Kingdom,False
14062,537451,84881,,-11,2010-12-07 09:27:00,0.0,,United Kingdom,False
14063,537452,20941,,-24,2010-12-07 09:28:00,0.0,,United Kingdom,False
14064,537453,21248,,-18,2010-12-07 09:28:00,0.0,,United Kingdom,False
14065,537454,21349,,-44,2010-12-07 09:30:00,0.0,,United Kingdom,False
14066,537455,22155,,-70,2010-12-07 09:31:00,0.0,,United Kingdom,False
14217,537466,21488,,-50,2010-12-07 10:33:00,0.0,,United Kingdom,False
17158,537687,84840,,-9,2010-12-08 10:26:00,0.0,,United Kingdom,False
19599,537870,21486,,-77,2010-12-08 17:08:00,0.0,,United Kingdom,False
19996,537999,22034,,-223,2010-12-09 11:44:00,0.0,,United Kingdom,False
20393,538042,21763,,-4,2010-12-09 13:10:00,0.0,,United Kingdom,False
20394,538043,22833,,-1,2010-12-09 13:10:00,0.0,,United Kingdom,False
20399,538046,85008,,-15,2010-12-09 13:12:00,0.0,,United Kingdom,False
20400,538047,21429,,-70,2010-12-09 13:13:00,0.0,,United Kingdom,False
20469,538054,85167B,,-24,2010-12-09 13:34:00,0.0,,United Kingdom,False
20470,538055,22454,,-20,2010-12-09 13:34:00,0.0,,United Kingdom,False
20506,538058,20966,,-150,2010-12-09 13:38:00,0.0,,United Kingdom,False
20522,538061,21801,,-38,2010-12-09 13:39:00,0.0,,United Kingdom,False
21338,538072,22423,faulty,-13,2010-12-09 14:10:00,0.0,,United Kingdom,False
21349,538074,21743,,-80,2010-12-09 14:11:00,0.0,,United Kingdom,False
21518,538090,20956,?,-723,2010-12-09 14:48:00,0.0,,United Kingdom,False
21520,538092,37467,,-177,2010-12-09 14:49:00,0.0,,United Kingdom,False
22293,538158,20892,,-32,2010-12-09 17:17:00,0.0,,United Kingdom,False
22294,538159,21324,,-18,2010-12-09 17:17:00,0.0,,United Kingdom,False
22296,538161,46000S,Dotcom sales,-100,2010-12-09 17:25:00,0.0,,United Kingdom,False
22297,538162,46000M,Dotcom sales,-100,2010-12-09 17:25:00,0.0,,United Kingdom,False
22534,538173,22353,,-28,2010-12-10 09:35:00,0.0,,United Kingdom,False
23764,538241,21431,,-21,2010-12-10 12:00:00,0.0,,United Kingdom,False
23765,538247,79067,,-145,2010-12-10 12:09:00,0.0,,United Kingdom,False
29972,538837,85135B,,-40,2010-12-14 13:10:00,0.0,,United Kingdom,False
31226,538906,21895,,-5,2010-12-15 10:31:00,0.0,,United Kingdom,False
42289,539980,35001W,,-36,2010-12-23 14:34:00,0.0,,United Kingdom,False
42498,539994,22830,,-1,2011-01-04 10:09:00,0.0,,United Kingdom,False
42499,539995,85064,,-12,2011-01-04 10:12:00,0.0,,United Kingdom,False
42500,539996,21784,,-10,2011-01-04 10:12:00,0.0,,United Kingdom,False
42503,539999,20892,,-1,2011-01-04 10:16:00,0.0,,United Kingdom,False
42504,540000,84499,,-9,2011-01-04 10:17:00,0.0,,United Kingdom,False
42562,540008,85230F,,-48,2011-01-04 11:10:00,0.0,,United Kingdom,False
42563,540009,22158,,-120,2011-01-04 11:10:00,0.0,,United Kingdom,False
42564,540010,22501,reverse 21/5/10 adjustment,-100,2011-01-04 11:13:00,0.0,,United Kingdom,False
42566,540012,22502,reverse 21/5/10 adjustment,-100,2011-01-04 11:14:00,0.0,,United Kingdom,False
43662,540100,22837,?,-106,2011-01-04 16:53:00,0.0,,United Kingdom,False
43704,540119,22865,,-60,2011-01-05 10:07:00,0.0,,United Kingdom,False
44863,540241,35957,,-939,2011-01-05 15:17:00,0.0,,United Kingdom,False
45150,540252,22198,,-100,2011-01-05 16:25:00,0.0,,United Kingdom,False
45623,540272,90096,,-54,2011-01-06 11:57:00,0.0,,United Kingdom,False
46883,540369,47591D,,-201,2011-01-06 16:20:00,0.0,,United Kingdom,False
50151,540549,21587,,-53,2011-01-10 09:07:00,0.0,,United Kingdom,False
50806,540558,21258,?,-29,2011-01-10 10:04:00,0.0,,United Kingdom,False
50808,540560,21589,,-14,2011-01-10 10:08:00,0.0,,United Kingdom,False
50849,540564,22617,"mouldy, thrown away.",-2600,2011-01-10 10:36:00,0.0,,United Kingdom,False
51048,540637,21275,,-5,2011-01-10 12:13:00,0.0,,United Kingdom,False
51049,540638,72038P,damages,-990,2011-01-10 12:14:00,0.0,,United Kingdom,False
51672,540650,85124C,,-8,2011-01-10 14:59:00,0.0,,United Kingdom,False
51673,540651,82599,?,-290,2011-01-10 15:00:00,0.0,,United Kingdom,False
51762,540678,21667,,-1,2011-01-10 16:21:00,0.0,,United Kingdom,False
51763,540679,21667,,-1,2011-01-10 16:21:00,0.0,,United Kingdom,False
52094,540683,84546,,-45,2011-01-10 17:00:00,0.0,,United Kingdom,False
52095,540684,35271S,,-13,2011-01-10 17:01:00,0.0,,United Kingdom,False
52379,540778,84029E,,-50,2011-01-11 11:15:00,0.0,,United Kingdom,False
55189,540978,84050,counted,-310,2011-01-12 15:04:00,0.0,,United Kingdom,False
55319,540987,17011A,,-61,2011-01-12 16:15:00,0.0,,United Kingdom,False
55837,541000,21632,,-41,2011-01-13 10:11:00,0.0,,United Kingdom,False
61702,541482,22837,,-35,2011-01-18 12:32:00,0.0,,United Kingdom,False
61838,541487,85118,,-35,2011-01-18 13:19:00,0.0,,United Kingdom,False
63099,541519,21429,,-15,2011-01-19 09:11:00,0.0,,United Kingdom,False
64320,541600,22866,,-64,2011-01-19 16:48:00,0.0,,United Kingdom,False
64321,541601,22632,,-84,2011-01-19 16:48:00,0.0,,United Kingdom,False
65063,541685,22351,Given away,-1400,2011-01-20 15:41:00,0.0,,United Kingdom,False
65077,541687,46000S,Dotcom,-300,2011-01-20 15:42:00,0.0,,United Kingdom,False
65943,541702,22451,,-30,2011-01-21 09:44:00,0.0,,United Kingdom,False
66518,541802,20854,,-80,2011-01-21 14:45:00,0.0,,United Kingdom,False
68920,541882,48185,?,-57,2011-01-24 10:54:00,0.0,,United Kingdom,False
69215,541967,84823,,-3,2011-01-24 13:35:00,0.0,,United Kingdom,False
72006,542225,85096,label mix up,-59,2011-01-26 13:10:00,0.0,,United Kingdom,False
73589,542361,85161,samples/damages,-20,2011-01-27 12:47:00,0.0,,United Kingdom,False
73590,542362,20699,,-16,2011-01-27 12:49:00,0.0,,United Kingdom,False
73593,542365,21897,,-22,2011-01-27 12:51:00,0.0,,United Kingdom,False
73604,542367,82583,,-30,2011-01-27 12:57:00,0.0,,United Kingdom,False
73605,542368,85188B,,-70,2011-01-27 12:59:00,0.0,,United Kingdom,False
73753,542379,35922,,-30,2011-01-27 13:58:00,0.0,,United Kingdom,False
73754,542380,84917,,-50,2011-01-27 13:59:00,0.0,,United Kingdom,False
73849,542391,84455,,-31,2011-01-27 14:54:00,0.0,,United Kingdom,False
73850,542392,84227,,-2,2011-01-27 14:56:00,0.0,,United Kingdom,False
73935,542396,22146,,-4,2011-01-27 15:12:00,0.0,,United Kingdom,False
74283,542414,84967A,,-2,2011-01-27 17:15:00,0.0,,United Kingdom,False
74284,542415,84967B,,-1,2011-01-27 17:15:00,0.0,,United Kingdom,False
74287,542417,84966B,,-11,2011-01-27 17:38:00,0.0,,United Kingdom,False
74288,542418,84966A,,-17,2011-01-27 17:39:00,0.0,,United Kingdom,False
74668,542518,22184,,-13,2011-01-28 12:17:00,0.0,,United Kingdom,False
74825,542529,DCGS0055,,-1,2011-01-28 13:08:00,0.0,,United Kingdom,False
74838,542531,DCGS0072,,-1,2011-01-28 13:08:00,0.0,,United Kingdom,False
74839,542532,DCGS0074,,-1,2011-01-28 13:09:00,0.0,,United Kingdom,False
75220,542544,17165D,,-10,2011-01-28 14:43:00,0.0,,United Kingdom,False
75222,542546,20734,,-1,2011-01-28 14:44:00,0.0,,United Kingdom,False
75223,542547,20864,,-1,2011-01-28 14:45:00,0.0,,United Kingdom,False
75224,542548,20892,,-1,2011-01-28 14:45:00,0.0,,United Kingdom,False
75226,542550,20910,,-1,2011-01-28 14:45:00,0.0,,United Kingdom,False
75227,542551,21282,,-1,2011-01-28 14:46:00,0.0,,United Kingdom,False
75228,542552,21645,,-1,2011-01-28 14:47:00,0.0,,United Kingdom,False
75229,542553,21805,,-1,2011-01-28 14:49:00,0.0,,United Kingdom,False
75230,542554,21836,,-1,2011-01-28 14:49:00,0.0,,United Kingdom,False
75231,542555,21841,,-1,2011-01-28 14:50:00,0.0,,United Kingdom,False
75232,542556,22143,,-1,2011-01-28 14:50:00,0.0,,United Kingdom,False
75233,542557,22765,,-1,2011-01-28 14:50:00,0.0,,United Kingdom,False
75234,542558,35644,,-1,2011-01-28 14:51:00,0.0,,United Kingdom,False
75235,542559,35991,,-1,2011-01-28 14:51:00,0.0,,United Kingdom,False
75236,542560,47579,,-1,2011-01-28 14:51:00,0.0,,United Kingdom,False
75237,542561,84424A,,-1,2011-01-28 14:52:00,0.0,,United Kingdom,False
75238,542562,84499,,-1,2011-01-28 14:52:00,0.0,,United Kingdom,False
75239,542563,84509F,,-1,2011-01-28 14:52:00,0.0,,United Kingdom,False
75240,542564,84526,,-1,2011-01-28 14:52:00,0.0,,United Kingdom,False
75241,542565,84664,,-1,2011-01-28 14:52:00,0.0,,United Kingdom,False
75242,542566,84964B,,-1,2011-01-28 14:53:00,0.0,,United Kingdom,False
75243,542567,84975,,-1,2011-01-28 14:53:00,0.0,,United Kingdom,False
75252,542569,85028L,,-1,2011-01-28 14:53:00,0.0,,United Kingdom,False
75253,542570,85028S,,-1,2011-01-28 14:53:00,0.0,,United Kingdom,False
75254,542571,85031C,,-1,2011-01-28 14:54:00,0.0,,United Kingdom,False
75255,542572,85064,,-1,2011-01-28 14:54:00,0.0,,United Kingdom,False
75256,542573,85110,,-1,2011-01-28 14:55:00,0.0,,United Kingdom,False
75257,542574,85119,,-1,2011-01-28 14:55:00,0.0,,United Kingdom,False
75258,542575,85126,,-1,2011-01-28 14:55:00,0.0,,United Kingdom,False
75259,542576,85179B,,-1,2011-01-28 14:56:00,0.0,,United Kingdom,False
75260,542577,85232B,,-1,2011-01-28 14:56:00,0.0,,United Kingdom,False
75292,542579,90000C,,-1,2011-01-28 14:57:00,0.0,,United Kingdom,False
75293,542580,90095,,-1,2011-01-28 14:58:00,0.0,,United Kingdom,False
75294,542581,90091,,-1,2011-01-28 14:58:00,0.0,,United Kingdom,False
75295,542582,DCGS0057,,-6,2011-01-28 15:01:00,0.0,,United Kingdom,False
78235,542861,47591B,?,-207,2011-02-01 11:47:00,0.0,,United Kingdom,False
78424,542879,22242,,-19,2011-02-01 12:52:00,0.0,,United Kingdom,False
78456,542882,22162,,-40,2011-02-01 12:55:00,0.0,,United Kingdom,False
78457,542883,21448,,-40,2011-02-01 13:07:00,0.0,,United Kingdom,False
78458,542884,84748,,-52,2011-02-01 13:08:00,0.0,,United Kingdom,False
78459,542885,84465,,-6,2011-02-01 13:08:00,0.0,,United Kingdom,False
80302,543034,85049F,,-130,2011-02-02 15:50:00,0.0,,United Kingdom,False
80303,543035,35004C,,-206,2011-02-02 15:51:00,0.0,,United Kingdom,False
82251,543194,21355,,-217,2011-02-04 12:25:00,0.0,,United Kingdom,False
82794,543257,84611B,thrown away,-1430,2011-02-04 16:06:00,0.0,,United Kingdom,False
82796,543259,84612B,thrown away,-162,2011-02-04 16:07:00,0.0,,United Kingdom,False
82797,543260,84613A,thrown away,-230,2011-02-04 16:07:00,0.0,,United Kingdom,False
82798,543261,84613C,,-173,2011-02-04 16:08:00,0.0,,United Kingdom,False
82799,543262,84614A,thrown away,-390,2011-02-04 16:08:00,0.0,,United Kingdom,False
82827,543265,84872A,,-4,2011-02-04 17:23:00,0.0,,United Kingdom,False
82828,543266,82095,,-5,2011-02-04 17:24:00,0.0,,United Kingdom,False
82831,543269,84638,,-18,2011-02-04 17:25:00,0.0,,United Kingdom,False
82832,543270,84631,,-19,2011-02-04 17:25:00,0.0,,United Kingdom,False
82833,543271,21087,,-6,2011-02-04 17:26:00,0.0,,United Kingdom,False
83504,543308,35969,,-3,2011-02-07 12:04:00,0.0,,United Kingdom,False
83562,543310,35954,,-234,2011-02-07 12:10:00,0.0,,United Kingdom,False
84409,543390,84880,,-5,2011-02-08 10:02:00,0.0,,United Kingdom,False
85787,543521,22769,,-6,2011-02-09 11:49:00,0.0,,United Kingdom,False
86322,543545,22627,,-11,2011-02-09 15:50:00,0.0,,United Kingdom,False
86513,543552,22847,,-10,2011-02-10 10:05:00,0.0,,United Kingdom,False
87404,543654,22525,,-57,2011-02-11 10:29:00,0.0,,United Kingdom,False
87405,543655,21717,,-42,2011-02-11 10:30:00,0.0,,United Kingdom,False
87406,543656,84801B,,-44,2011-02-11 10:30:00,0.0,,United Kingdom,False
88203,543783,20966,,-41,2011-02-11 16:45:00,0.0,,United Kingdom,False
89118,543827,84406B,incorrectly made-thrown away.,-64,2011-02-14 09:44:00,0.0,,United Kingdom,False
90556,544046,21785,,-140,2011-02-15 12:34:00,0.0,,United Kingdom,False
90697,544063,22837,,-9,2011-02-15 13:37:00,0.0,,United Kingdom,False
91072,544086,21785,,-7,2011-02-15 16:49:00,0.0,,United Kingdom,False
94300,544342,22633,,-53,2011-02-18 09:44:00,0.0,,United Kingdom,False
94301,544343,22867,,-99,2011-02-18 09:45:00,0.0,,United Kingdom,False
94304,544346,22114,,-21,2011-02-18 09:50:00,0.0,,United Kingdom,False
94305,544347,22114,,-4,2011-02-18 09:51:00,0.0,,United Kingdom,False
94587,544396,62094B,,-92,2011-02-18 12:16:00,0.0,,United Kingdom,False
94765,544410,84997C,?,-741,2011-02-18 13:54:00,0.0,,United Kingdom,False
96374,544554,22588,,-41,2011-02-21 12:12:00,0.0,,United Kingdom,False
96679,544579,21651,,-6,2011-02-21 14:05:00,0.0,,United Kingdom,False
97643,544649,21621,?,-400,2011-02-22 12:37:00,0.0,,United Kingdom,False
99161,544703,22202,,-114,2011-02-23 10:35:00,0.0,,United Kingdom,False
100714,544832,62096A,,-88,2011-02-24 10:05:00,0.0,,United Kingdom,False
100747,544834,90200C,,-33,2011-02-24 10:15:00,0.0,,United Kingdom,False
104083,545127,22024,,-50,2011-02-28 12:04:00,0.0,,United Kingdom,False
104084,545135,22028,,-30,2011-02-28 12:06:00,0.0,,United Kingdom,False
105334,545219,20738,,-36,2011-02-28 17:04:00,0.0,,United Kingdom,False
105719,545236,22797,damages,-15,2011-03-01 10:32:00,0.0,,United Kingdom,False
107041,545401,21769,showroom,-5,2011-03-02 12:03:00,0.0,,United Kingdom,False
107042,545402,22862,,-33,2011-03-02 12:07:00,0.0,,United Kingdom,False
108577,545546,84249A,check,-150,2011-03-03 15:03:00,0.0,,United Kingdom,False
108578,545547,85061W,,-391,2011-03-03 15:07:00,0.0,,United Kingdom,False
108579,545548,77101A,,-87,2011-03-03 15:08:00,0.0,,United Kingdom,False
108580,545549,15058B,,-61,2011-03-03 15:10:00,0.0,,United Kingdom,False
108589,545552,22021,,-20,2011-03-03 15:11:00,0.0,,United Kingdom,False
108591,545554,22988,,-70,2011-03-03 15:12:00,0.0,,United Kingdom,False
108682,545560,37464,,-2,2011-03-03 16:12:00,0.0,,United Kingdom,False
108683,545561,37379A,,-9,2011-03-03 16:12:00,0.0,,United Kingdom,False
108684,545562,20689,,-5,2011-03-03 16:12:00,0.0,,United Kingdom,False
108685,545563,20671,,-22,2011-03-03 16:13:00,0.0,,United Kingdom,False
108686,545564,85092,,-9,2011-03-03 16:13:00,0.0,,United Kingdom,False
108687,545565,47563B,,-10,2011-03-03 16:14:00,0.0,,United Kingdom,False
108688,545566,37477D,,-9,2011-03-03 16:14:00,0.0,,United Kingdom,False
108689,545567,37444B,,-3,2011-03-03 16:14:00,0.0,,United Kingdom,False
109344,545598,22080,,-278,2011-03-04 11:16:00,0.0,,United Kingdom,False
109345,545599,22272,,-140,2011-03-04 11:17:00,0.0,,United Kingdom,False
109346,545600,85160A,,-21,2011-03-04 11:45:00,0.0,,United Kingdom,False
112036,545857,20681,MIA,-154,2011-03-07 13:56:00,0.0,,United Kingdom,False
113580,545990,84598,check,-3000,2011-03-08 13:07:00,0.0,,United Kingdom,False
114428,546010,22423,damages,-19,2011-03-08 15:55:00,0.0,,United Kingdom,False
114493,546016,85172,Dotcom set,-675,2011-03-08 17:21:00,0.0,,United Kingdom,False
114522,546018,85172,wrongly sold as sets,-600,2011-03-08 17:23:00,0.0,,United Kingdom,False
114534,546020,85175,Amazon sold sets,-210,2011-03-08 17:27:00,0.0,,United Kingdom,False
114535,546021,85175,dotcom sold sets,-345,2011-03-08 17:27:00,0.0,,United Kingdom,False
114538,546023,85175,wrongly sold sets,-975,2011-03-08 17:29:00,0.0,,United Kingdom,False
114539,546024,85175,? sold as sets?,-1200,2011-03-08 17:31:00,0.0,,United Kingdom,False
114540,546025,85172,?sold as sets?,-600,2011-03-08 17:31:00,0.0,,United Kingdom,False
115488,546124,35610C,Thrown away.,-1121,2011-03-09 14:50:00,0.0,,United Kingdom,False
115489,546126,35611B,thrown away,-27,2011-03-09 14:52:00,0.0,,United Kingdom,False
115504,546129,35610B,thrown away,-541,2011-03-09 15:07:00,0.0,,United Kingdom,False
115505,546130,35610A,thrown away,-1277,2011-03-09 15:08:00,0.0,,United Kingdom,False
115805,546137,20893,damages/display,-197,2011-03-09 16:33:00,0.0,,United Kingdom,False
115806,546138,21815,?,-300,2011-03-09 16:34:00,0.0,,United Kingdom,False
115808,546140,21527,damages,-30,2011-03-09 16:35:00,0.0,,United Kingdom,False
115810,546142,40016,damaged stock,-1100,2011-03-09 16:37:00,0.0,,United Kingdom,False
115811,546145,21537,?,-80,2011-03-09 16:39:00,0.0,,United Kingdom,False
115812,546146,20752,,-40,2011-03-09 16:41:00,0.0,,United Kingdom,False
115813,546147,21320,broken,-63,2011-03-09 16:42:00,0.0,,United Kingdom,False
115814,546148,85049D,?,-100,2011-03-09 16:43:00,0.0,,United Kingdom,False
115815,546149,20866,?,-230,2011-03-09 17:02:00,0.0,,United Kingdom,False
115816,546150,21503,,-140,2011-03-09 17:03:00,0.0,,United Kingdom,False
115817,546151,21504,,-80,2011-03-09 17:04:00,0.0,,United Kingdom,False
115818,546152,72140F,throw away,-5368,2011-03-09 17:25:00,0.0,,United Kingdom,False
116406,546245,85185B,?,-259,2011-03-10 13:26:00,0.0,,United Kingdom,False
117315,546379,72225C,,-82,2011-03-11 12:21:00,0.0,,United Kingdom,False
117894,546407,22719,wrong barcode (22467),-178,2011-03-11 16:24:00,0.0,,United Kingdom,False
117896,546409,21833,damages,-110,2011-03-11 16:27:00,0.0,,United Kingdom,False
119556,546551,84563A,,-10,2011-03-14 17:33:00,0.0,,United Kingdom,False
120580,546661,22777,,-25,2011-03-15 14:33:00,0.0,,United Kingdom,False
120762,546672,85206A,,-77,2011-03-15 15:47:00,0.0,,United Kingdom,False
121360,546756,79067,,-5,2011-03-16 13:31:00,0.0,,United Kingdom,False
128446,547329,20681,,-1,2011-03-22 11:38:00,0.0,,United Kingdom,False
128447,547330,21894,,-40,2011-03-22 11:40:00,0.0,,United Kingdom,False
128448,547331,17013D,,-20,2011-03-22 11:41:00,0.0,,United Kingdom,False
128449,547332,21613,,-47,2011-03-22 11:42:00,0.0,,United Kingdom,False
128450,547333,22791,,-70,2011-03-22 11:43:00,0.0,,United Kingdom,False
128463,547335,20934,,-15,2011-03-22 11:44:00,0.0,,United Kingdom,False
128464,547336,21689,wrong barcode,-323,2011-03-22 11:45:00,0.0,,United Kingdom,False
128465,547337,85025C,barcode problem,-230,2011-03-22 11:47:00,0.0,,United Kingdom,False
128466,547338,22245,,-110,2011-03-22 11:49:00,0.0,,United Kingdom,False
128467,547339,84406B,?,-450,2011-03-22 11:51:00,0.0,,United Kingdom,False
128473,547341,85049D,,-20,2011-03-22 11:53:00,0.0,,United Kingdom,False
128478,547345,22838,,-10,2011-03-22 11:55:00,0.0,,United Kingdom,False
128479,547346,21000,,-41,2011-03-22 11:56:00,0.0,,United Kingdom,False
128480,547347,22470,,-6,2011-03-22 11:56:00,0.0,,United Kingdom,False
128876,547363,22459,?lost,-232,2011-03-22 12:33:00,0.0,,United Kingdom,False
128947,547369,21898,,-83,2011-03-22 13:24:00,0.0,,United Kingdom,False
130079,547403,85028L,,-2,2011-03-22 17:05:00,0.0,,United Kingdom,False
130370,547487,84596E,,-153,2011-03-23 11:29:00,0.0,,United Kingdom,False
130736,547505,22198,,-9,2011-03-23 13:36:00,0.0,,United Kingdom,False
130737,547506,21538,,-2,2011-03-23 13:38:00,0.0,,United Kingdom,False
131398,547559,72759,thrown away-can't sell.,-524,2011-03-23 17:27:00,0.0,,United Kingdom,False
131399,547560,72732,thrown away-can't sell,-2472,2011-03-23 17:28:00,0.0,,United Kingdom,False
131699,547593,20785,,-2,2011-03-24 11:18:00,0.0,,United Kingdom,False
131701,547595,82483,,-12,2011-03-24 11:20:00,0.0,,United Kingdom,False
131702,547596,84306,,-5,2011-03-24 11:20:00,0.0,,United Kingdom,False
131703,547597,17011F,,-18,2011-03-24 11:21:00,0.0,,United Kingdom,False
131704,547598,21332,,-25,2011-03-24 11:24:00,0.0,,United Kingdom,False
131705,547599,21361,,-10,2011-03-24 11:24:00,0.0,,United Kingdom,False
131706,547606,22173,,-22,2011-03-24 11:26:00,0.0,,United Kingdom,False
131707,547611,84631,,-9,2011-03-24 11:26:00,0.0,,United Kingdom,False
131708,547618,21547,,-12,2011-03-24 11:28:00,0.0,,United Kingdom,False
131771,547646,84849D,,-80,2011-03-24 11:42:00,0.0,,United Kingdom,False
132812,547699,21143,,-32,2011-03-24 16:38:00,0.0,,United Kingdom,False
132813,547700,21147,,-105,2011-03-24 16:39:00,0.0,,United Kingdom,False
132814,547701,84559D,,-7,2011-03-24 16:42:00,0.0,,United Kingdom,False
135862,547916,22459,,-36,2011-03-28 12:46:00,0.0,,United Kingdom,False
136271,547950,35241,damages?,-40,2011-03-28 15:11:00,0.0,,United Kingdom,False
136831,547989,21621,re dotcom quick fix.,-100,2011-03-29 09:36:00,0.0,,United Kingdom,False
136878,547994,21228,,-7,2011-03-29 10:18:00,0.0,,United Kingdom,False
136879,547995,35823P,,-12,2011-03-29 10:20:00,0.0,,United Kingdom,False
136880,547996,84534B,,-10,2011-03-29 10:22:00,0.0,,United Kingdom,False
136881,547997,20857,,-34,2011-03-29 10:22:00,0.0,,United Kingdom,False
136882,547998,20854,,-2,2011-03-29 10:23:00,0.0,,United Kingdom,False
136883,547999,20860,,-7,2011-03-29 10:24:00,0.0,,United Kingdom,False
136884,548000,85224,,-7,2011-03-29 10:24:00,0.0,,United Kingdom,False
136886,548002,21051,,-25,2011-03-29 10:27:00,0.0,,United Kingdom,False
136966,548008,21190,,-80,2011-03-29 10:52:00,0.0,,United Kingdom,False
137183,548069,20713,,-22,2011-03-29 12:10:00,0.0,,United Kingdom,False
137184,548095,20850,,-3,2011-03-29 12:17:00,0.0,,United Kingdom,False
137185,548098,21283,,-15,2011-03-29 12:17:00,0.0,,United Kingdom,False
137186,548104,84854,,-3,2011-03-29 12:18:00,0.0,,United Kingdom,False
137187,548110,21911,,-27,2011-03-29 12:20:00,0.0,,United Kingdom,False
137240,548149,72821,,-2,2011-03-29 12:36:00,0.0,,United Kingdom,False
137905,548173,85067,,-3,2011-03-29 14:17:00,0.0,,United Kingdom,False
137907,548175,46115B,,-2,2011-03-29 14:19:00,0.0,,United Kingdom,False
138694,548206,22469,,-53,2011-03-29 16:56:00,0.0,,United Kingdom,False
138714,548209,21621,,-30,2011-03-29 17:21:00,0.0,,United Kingdom,False
138909,548227,90099,,-19,2011-03-30 10:24:00,0.0,,United Kingdom,False
139064,548269,22036,,-45,2011-03-30 11:35:00,0.0,,United Kingdom,False
139595,548328,21527,,-21,2011-03-30 13:11:00,0.0,,United Kingdom,False
139716,548339,21827,,-42,2011-03-30 14:08:00,0.0,,United Kingdom,False
139907,548365,79172D,,-7,2011-03-30 15:49:00,0.0,,United Kingdom,False
139908,548366,84678,,-33,2011-03-30 15:50:00,0.0,,United Kingdom,False
139936,548369,84683,,-6,2011-03-30 16:00:00,0.0,,United Kingdom,False
140194,548376,22533,,-80,2011-03-30 16:39:00,0.0,,United Kingdom,False
140196,548377,85016,,-46,2011-03-30 16:40:00,0.0,,United Kingdom,False
140197,548378,22052,,-75,2011-03-30 16:41:00,0.0,,United Kingdom,False
140199,548380,22127,Dotcom sold in 6's,-60,2011-03-30 16:44:00,0.0,,United Kingdom,False
140200,548381,22127,sold in set?,-690,2011-03-30 16:45:00,0.0,,United Kingdom,False
140201,548382,84898F,,-2,2011-03-30 16:46:00,0.0,,United Kingdom,False
140211,548385,22168,,-19,2011-03-30 16:47:00,0.0,,United Kingdom,False
140281,548394,82494L,cracked,-39,2011-03-30 17:18:00,0.0,,United Kingdom,False
140282,548395,22194,,-9,2011-03-30 17:20:00,0.0,,United Kingdom,False
140283,548396,22719,sold as 22467,-25,2011-03-30 17:21:00,0.0,,United Kingdom,False
140284,548397,21195,,-30,2011-03-30 17:23:00,0.0,,United Kingdom,False
140285,548398,22482,,-66,2011-03-30 17:24:00,0.0,,United Kingdom,False
140353,548402,21040,,-5,2011-03-31 09:26:00,0.0,,United Kingdom,False
142004,548536,90010B,,-50,2011-03-31 17:34:00,0.0,,United Kingdom,False
142005,548537,90173,,-28,2011-03-31 17:35:00,0.0,,United Kingdom,False
142008,548540,90035A,,-9,2011-03-31 17:51:00,0.0,,United Kingdom,False
142584,548615,16010,,-7,2011-04-01 11:47:00,0.0,,United Kingdom,False
142631,548620,84313B,Damaged,-32,2011-04-01 11:53:00,0.0,,United Kingdom,False
142797,548646,21472,,-140,2011-04-01 13:15:00,0.0,,United Kingdom,False
142989,548662,82494L,,-180,2011-04-01 14:31:00,0.0,,United Kingdom,False
143301,548675,85185D,,-2,2011-04-01 16:39:00,0.0,,United Kingdom,False
143302,548676,72800F,,-5,2011-04-01 16:40:00,0.0,,United Kingdom,False
143303,548677,72781,,-30,2011-04-01 16:40:00,0.0,,United Kingdom,False
143304,548678,35015,,-9,2011-04-01 16:41:00,0.0,,United Kingdom,False
143305,548679,72793,,-3,2011-04-01 16:42:00,0.0,,United Kingdom,False
143306,548680,72800D,,-18,2011-04-01 16:43:00,0.0,,United Kingdom,False
143308,548682,72789,,-2,2011-04-01 16:44:00,0.0,,United Kingdom,False
143310,548684,72798C,,-2,2011-04-01 16:46:00,0.0,,United Kingdom,False
143311,548685,85018B,,-2,2011-04-01 16:47:00,0.0,,United Kingdom,False
143342,548693,22720,,-60,2011-04-01 17:25:00,0.0,,United Kingdom,False
145256,548886,85118,,-6,2011-04-04 15:23:00,0.0,,United Kingdom,False
145257,548887,35824B,,-8,2011-04-04 15:24:00,0.0,,United Kingdom,False
145258,548888,84726,,-14,2011-04-04 15:25:00,0.0,,United Kingdom,False
145259,548889,84875A,,-17,2011-04-04 15:26:00,0.0,,United Kingdom,False
145260,548890,84876C,,-19,2011-04-04 15:26:00,0.0,,United Kingdom,False
145735,548897,47570B,,-70,2011-04-04 16:22:00,0.0,,United Kingdom,False
146237,548980,22114,,-194,2011-04-05 12:21:00,0.0,,United Kingdom,False
146360,548986,21210,,-177,2011-04-05 12:46:00,0.0,,United Kingdom,False
146469,548989,72799F,,-46,2011-04-05 13:19:00,0.0,,United Kingdom,False
146599,548999,84743C,damages,-26,2011-04-05 14:34:00,0.0,,United Kingdom,False
146600,549000,35972,,-45,2011-04-05 14:35:00,0.0,,United Kingdom,False
146601,549001,84845D,,-5,2011-04-05 14:35:00,0.0,,United Kingdom,False
146604,549004,21274,,-3,2011-04-05 14:37:00,0.0,,United Kingdom,False
146605,549005,16020C,,-5,2011-04-05 14:37:00,0.0,,United Kingdom,False
146606,549006,84508B,,-23,2011-04-05 14:38:00,0.0,,United Kingdom,False
146627,549008,21281,,-31,2011-04-05 14:38:00,0.0,,United Kingdom,False
146628,549009,21474,,-8,2011-04-05 14:39:00,0.0,,United Kingdom,False
146629,549010,21684,,-62,2011-04-05 14:39:00,0.0,,United Kingdom,False
146630,549011,62096B,,-8,2011-04-05 14:41:00,0.0,,United Kingdom,False
146977,549028,84569A,,-18,2011-04-05 17:02:00,0.0,,United Kingdom,False
146978,549029,84569B,,-17,2011-04-05 17:03:00,0.0,,United Kingdom,False
146979,549030,84520B,,-61,2011-04-05 17:03:00,0.0,,United Kingdom,False
146980,549031,10134,,-19,2011-04-05 17:04:00,0.0,,United Kingdom,False
146981,549032,20778,,-6,2011-04-05 17:06:00,0.0,,United Kingdom,False
146982,549033,16254,,-5,2011-04-05 17:08:00,0.0,,United Kingdom,False
146984,549035,72051S,,-15,2011-04-05 17:09:00,0.0,,United Kingdom,False
146985,549036,84993B,,-54,2011-04-05 17:09:00,0.0,,United Kingdom,False
146986,549037,84569C,,-37,2011-04-05 17:09:00,0.0,,United Kingdom,False
146987,549038,84569D,,-70,2011-04-05 17:10:00,0.0,,United Kingdom,False
146993,549042,21681,,-2,2011-04-05 17:24:00,0.0,,United Kingdom,False
146994,549043,84990,,-24,2011-04-05 17:26:00,0.0,,United Kingdom,False
147787,549132,20756,,-70,2011-04-06 15:22:00,0.0,,United Kingdom,False
147788,549133,20759,,-52,2011-04-06 15:22:00,0.0,,United Kingdom,False
147789,549134,20758,,-54,2011-04-06 15:22:00,0.0,,United Kingdom,False
147791,549136,21414,,-3,2011-04-06 15:23:00,0.0,,United Kingdom,False
147792,549137,84459B,,-7,2011-04-06 15:24:00,0.0,,United Kingdom,False
147794,549139,22988,,-91,2011-04-06 15:26:00,0.0,,United Kingdom,False
147797,549142,35650,,-24,2011-04-06 15:26:00,0.0,,United Kingdom,False
147798,549143,84597C,,-17,2011-04-06 15:27:00,0.0,,United Kingdom,False
147799,549144,21416,,-14,2011-04-06 15:28:00,0.0,,United Kingdom,False
147801,549146,85017A,,-10,2011-04-06 15:29:00,0.0,,United Kingdom,False
147802,549147,20773,,-4,2011-04-06 15:30:00,0.0,,United Kingdom,False
147826,549149,35649,,-43,2011-04-06 15:31:00,0.0,,United Kingdom,False
147827,549150,79336,,-47,2011-04-06 15:32:00,0.0,,United Kingdom,False
148080,549156,17013D,,-9,2011-04-06 17:11:00,0.0,,United Kingdom,False
148081,549157,21511,,-9,2011-04-06 17:13:00,0.0,,United Kingdom,False
148082,549158,21910,,-1,2011-04-06 17:13:00,0.0,,United Kingdom,False
148083,549159,22052,,-25,2011-04-06 17:14:00,0.0,,United Kingdom,False
148084,549160,81953P,,-7,2011-04-06 17:15:00,0.0,,United Kingdom,False
148085,549161,21518,,-31,2011-04-06 17:15:00,0.0,,United Kingdom,False
148089,549164,16169P,,-75,2011-04-06 17:20:00,0.0,,United Kingdom,False
148090,549165,35815P,,-63,2011-04-06 17:20:00,0.0,,United Kingdom,False
148092,549167,84846A,,-8,2011-04-06 17:24:00,0.0,,United Kingdom,False
148093,549168,21161,,-10,2011-04-06 17:24:00,0.0,,United Kingdom,False
148106,549170,82545A,,-4,2011-04-06 17:25:00,0.0,,United Kingdom,False
148107,549171,84251F,,-2,2011-04-06 17:26:00,0.0,,United Kingdom,False
148108,549172,21637,,-139,2011-04-06 17:27:00,0.0,,United Kingdom,False
148109,549173,84218,,-2,2011-04-06 17:28:00,0.0,,United Kingdom,False
148110,549174,21160,,-7,2011-04-06 17:30:00,0.0,,United Kingdom,False
148111,549175,21171,,-30,2011-04-06 17:30:00,0.0,,United Kingdom,False
148112,549176,35603B,,-12,2011-04-06 17:31:00,0.0,,United Kingdom,False
148114,549178,47502,,-19,2011-04-06 17:33:00,0.0,,United Kingdom,False
148115,549179,84007,,-3,2011-04-06 17:34:00,0.0,,United Kingdom,False
148116,549180,84522,,-30,2011-04-06 17:34:00,0.0,,United Kingdom,False
148563,549244,79331,,-3,2011-04-07 11:53:00,0.0,,United Kingdom,False
149043,549264,21337,,-21,2011-04-07 12:45:00,0.0,,United Kingdom,False
149044,549266,84593,,-5,2011-04-07 12:45:00,0.0,,United Kingdom,False
149046,549267,46037A,,-5,2011-04-07 12:46:00,0.0,,United Kingdom,False
149047,549268,84856S,,-7,2011-04-07 12:47:00,0.0,,United Kingdom,False
149050,549270,84856L,,-27,2011-04-07 12:48:00,0.0,,United Kingdom,False
149051,549271,62096B,,-2,2011-04-07 12:48:00,0.0,,United Kingdom,False
150144,549326,21738,,-5,2011-04-08 10:45:00,0.0,,United Kingdom,False
150146,549328,51008,,-110,2011-04-08 10:49:00,0.0,,United Kingdom,False
150147,549329,84989A,,-1,2011-04-08 10:49:00,0.0,,United Kingdom,False
150148,549330,84251J,,-28,2011-04-08 10:53:00,0.0,,United Kingdom,False
150149,549331,40018F,,-22,2011-04-08 10:54:00,0.0,,United Kingdom,False
150150,549332,84864A,,-2,2011-04-08 10:55:00,0.0,,United Kingdom,False
150151,549340,20774,,-11,2011-04-08 11:02:00,0.0,,United Kingdom,False
150152,549342,35818B,,-53,2011-04-08 11:06:00,0.0,,United Kingdom,False
150153,549343,72815,,-3,2011-04-08 11:07:00,0.0,,United Kingdom,False
150154,549344,21825,,-14,2011-04-08 11:08:00,0.0,,United Kingdom,False
150156,549346,22033,,-50,2011-04-08 11:10:00,0.0,,United Kingdom,False
150158,549348,84251B,,-60,2011-04-08 11:13:00,0.0,,United Kingdom,False
150159,549349,10123G,,-38,2011-04-08 11:13:00,0.0,,United Kingdom,False
150160,549350,84597B,,-13,2011-04-08 11:14:00,0.0,,United Kingdom,False
150161,549351,85006,,-21,2011-04-08 11:14:00,0.0,,United Kingdom,False
150169,549355,84899F,,-5,2011-04-08 11:21:00,0.0,,United Kingdom,False
150220,549371,84921,,-17,2011-04-08 11:27:00,0.0,,United Kingdom,False
150239,549373,85008,,-2,2011-04-08 11:28:00,0.0,,United Kingdom,False
150240,549374,20775,,-29,2011-04-08 11:29:00,0.0,,United Kingdom,False
150241,549375,20863,,-6,2011-04-08 11:29:00,0.0,,United Kingdom,False
150349,549426,22078,,-201,2011-04-08 11:55:00,0.0,,United Kingdom,False
150350,549427,22797,damages,-12,2011-04-08 11:56:00,0.0,,United Kingdom,False
150594,549455,84858C,,-10,2011-04-08 14:18:00,0.0,,United Kingdom,False
150595,549456,47341A,,-6,2011-04-08 14:19:00,0.0,,United Kingdom,False
150596,549457,47344B,,-16,2011-04-08 14:19:00,0.0,,United Kingdom,False
150597,549458,62097B,,-6,2011-04-08 14:19:00,0.0,,United Kingdom,False
150599,549460,20716,,-82,2011-04-08 14:20:00,0.0,,United Kingdom,False
150600,549461,20731,,-16,2011-04-08 14:20:00,0.0,,United Kingdom,False
150601,549462,84910A,,-16,2011-04-08 14:21:00,0.0,,United Kingdom,False
150602,549463,84919,,-17,2011-04-08 14:21:00,0.0,,United Kingdom,False
150603,549464,20701,,-6,2011-04-08 14:21:00,0.0,,United Kingdom,False
150604,549465,84415B,,-5,2011-04-08 14:22:00,0.0,,United Kingdom,False
150605,549466,20816,,-11,2011-04-08 14:22:00,0.0,,United Kingdom,False
150616,549470,46775D,,-8,2011-04-08 14:28:00,0.0,,United Kingdom,False
150627,549506,22415,,-31,2011-04-08 15:07:00,0.0,,United Kingdom,False
150628,549510,84559B,,-158,2011-04-08 15:08:00,0.0,,United Kingdom,False
150629,549514,20820,,-3,2011-04-08 15:09:00,0.0,,United Kingdom,False
151033,549527,21620,mystery! Only ever imported 1800,-1479,2011-04-08 16:03:00,0.0,,United Kingdom,False
151034,549528,21422,,-55,2011-04-08 16:44:00,0.0,,United Kingdom,False
151035,549529,21830,"MERCHANT CHANDLER CREDIT ERROR, STO",-576,2011-04-08 16:56:00,0.0,,United Kingdom,False
151038,549531,21622,POSSIBLE DAMAGES OR LOST?,-750,2011-04-08 17:05:00,0.0,,United Kingdom,False
152856,549695,84751B,,-24,2011-04-11 13:50:00,0.0,,United Kingdom,False
154122,549846,21100,Damaged,-6,2011-04-12 14:30:00,0.0,,United Kingdom,False
154152,549848,84531A,,-34,2011-04-12 14:51:00,0.0,,United Kingdom,False
154153,549849,84531B,,-23,2011-04-12 14:51:00,0.0,,United Kingdom,False
154656,549935,35915C,damaged,-43,2011-04-13 11:16:00,0.0,,United Kingdom,False
154799,549948,37488A,damaged,-1,2011-04-13 12:55:00,0.0,,United Kingdom,False
154835,549950,37487B,Damaged,-6,2011-04-13 12:57:00,0.0,,United Kingdom,False
154860,549952,37482P,Damaged,-93,2011-04-13 13:05:00,0.0,,United Kingdom,False
156350,550133,85099F,,-1092,2011-04-14 13:49:00,0.0,,United Kingdom,False
156618,550153,85167B,DAMAGED,-1,2011-04-14 14:44:00,0.0,,United Kingdom,False
165021,550753,84763,Display,-150,2011-04-20 11:53:00,0.0,,United Kingdom,False
165032,550757,16202B,,-9,2011-04-20 12:08:00,0.0,,United Kingdom,False
165033,550758,85017A,,-8,2011-04-20 12:09:00,0.0,,United Kingdom,False
165034,550759,21087,,-7,2011-04-20 12:09:00,0.0,,United Kingdom,False
165035,550760,84750B,,-4,2011-04-20 12:09:00,0.0,,United Kingdom,False
165037,550762,85030,,-9,2011-04-20 12:10:00,0.0,,United Kingdom,False
165038,550763,84666,,-5,2011-04-20 12:11:00,0.0,,United Kingdom,False
165448,550800,22458,Missing,-65,2011-04-20 14:48:00,0.0,,United Kingdom,False
166266,550908,20827,damages,-68,2011-04-21 12:39:00,0.0,,United Kingdom,False
166486,550922,22784,damages,-25,2011-04-21 14:29:00,0.0,,United Kingdom,False
166619,550943,21316,,-5,2011-04-21 15:51:00,0.0,,United Kingdom,False
166626,550945,79329,,-2,2011-04-21 15:52:00,0.0,,United Kingdom,False
166836,550954,47013A,damaged,-2,2011-04-21 16:18:00,0.0,,United Kingdom,False
167057,550970,82599,,-11,2011-04-21 17:02:00,0.0,,United Kingdom,False
168324,551019,22467,wrong code?,-100,2011-04-26 11:19:00,0.0,,United Kingdom,False
168325,551020,22719,wrong code,-110,2011-04-26 11:19:00,0.0,,United Kingdom,False
169160,551168,85068,,-4,2011-04-26 16:06:00,0.0,,United Kingdom,False
169680,551201,16015,,-620,2011-04-27 11:33:00,0.0,,United Kingdom,False
169715,551243,51020B,adjust,-53,2011-04-27 11:49:00,0.0,,United Kingdom,False
170484,551302,48189,damaged,-18,2011-04-27 14:55:00,0.0,,United Kingdom,False
170537,551323,21398,damages,-9,2011-04-27 15:31:00,0.0,,United Kingdom,False
170541,551326,85017A,,-2,2011-04-27 15:51:00,0.0,,United Kingdom,False
170542,551327,84228,crushed,-4,2011-04-27 16:01:00,0.0,,United Kingdom,False
170543,551328,21320,,-23,2011-04-27 16:08:00,0.0,,United Kingdom,False
171492,551422,22084,,-150,2011-04-28 14:11:00,0.0,,United Kingdom,False
171573,551429,10002,,-3,2011-04-28 15:05:00,0.0,,United Kingdom,False
171574,551430,20966,,-3,2011-04-28 15:06:00,0.0,,United Kingdom,False
171575,551431,44091A,,-2,2011-04-28 15:06:00,0.0,,United Kingdom,False
171576,551432,21923,,-5,2011-04-28 15:06:00,0.0,,United Kingdom,False
171577,551433,21784,,-2,2011-04-28 15:07:00,0.0,,United Kingdom,False
171578,551434,20896,,-5,2011-04-28 15:07:00,0.0,,United Kingdom,False
171579,551435,20825,,-5,2011-04-28 15:08:00,0.0,,United Kingdom,False
171713,551441,85136B,,-4,2011-04-28 15:50:00,0.0,,United Kingdom,False
171714,551442,85060,,-4,2011-04-28 15:50:00,0.0,,United Kingdom,False
171715,551443,35920,,-4,2011-04-28 15:51:00,0.0,,United Kingdom,False
171716,551444,35809B,,-4,2011-04-28 15:58:00,0.0,,United Kingdom,False
171720,551446,35594,,-4,2011-04-28 15:58:00,0.0,,United Kingdom,False
171721,551447,35004C,,-4,2011-04-28 15:59:00,0.0,,United Kingdom,False
171722,551448,22734,,-4,2011-04-28 15:59:00,0.0,,United Kingdom,False
171723,551449,22525,,-4,2011-04-28 16:00:00,0.0,,United Kingdom,False
171724,551450,21410,,-4,2011-04-28 16:00:00,0.0,,United Kingdom,False
171725,551451,21330,,-4,2011-04-28 16:01:00,0.0,,United Kingdom,False
171726,551452,84715,,-3,2011-04-28 16:01:00,0.0,,United Kingdom,False
171727,551453,82494L,,-3,2011-04-28 16:01:00,0.0,,United Kingdom,False
171728,551454,78027,,-3,2011-04-28 16:02:00,0.0,,United Kingdom,False
171729,551455,37333,,-1,2011-04-28 16:03:00,0.0,,United Kingdom,False
171730,551456,22795,,-3,2011-04-28 16:03:00,0.0,,United Kingdom,False
171731,551457,22719,,-3,2011-04-28 16:04:00,0.0,,United Kingdom,False
171733,551459,22173,,-30,2011-04-28 16:04:00,0.0,,United Kingdom,False
171735,551461,21806,,-3,2011-04-28 16:05:00,0.0,,United Kingdom,False
172692,551553,22521,,-90,2011-05-03 10:15:00,0.0,,United Kingdom,False
172693,551554,22720,,-4,2011-05-03 10:19:00,0.0,,United Kingdom,False
172861,551565,85135A,,-7,2011-05-03 11:10:00,0.0,,United Kingdom,False
172867,551568,21038,,-6,2011-05-03 11:12:00,0.0,,United Kingdom,False
172868,551569,85226C,,-6,2011-05-03 11:13:00,0.0,,United Kingdom,False
172869,551570,85189,,-6,2011-05-03 11:13:00,0.0,,United Kingdom,False
172870,551571,47591A,,-6,2011-05-03 11:14:00,0.0,,United Kingdom,False
172871,551572,37424,,-6,2011-05-03 11:15:00,0.0,,United Kingdom,False
172872,551573,22726,,-5,2011-05-03 11:15:00,0.0,,United Kingdom,False
172873,551574,21692,,-6,2011-05-03 11:16:00,0.0,,United Kingdom,False
172874,551575,21412,,-6,2011-05-03 11:16:00,0.0,,United Kingdom,False
172876,551577,90100,,-5,2011-05-03 11:19:00,0.0,,United Kingdom,False
172877,551578,90037D,,-5,2011-05-03 11:19:00,0.0,,United Kingdom,False
172878,551579,85098B,,-5,2011-05-03 11:20:00,0.0,,United Kingdom,False
172879,551580,85084,,-5,2011-05-03 11:20:00,0.0,,United Kingdom,False
172881,551582,84857A,,-5,2011-05-03 11:21:00,0.0,,United Kingdom,False
172882,551583,84482,,-5,2011-05-03 11:21:00,0.0,,United Kingdom,False
172913,551586,21120,,-6,2011-05-03 11:24:00,0.0,,United Kingdom,False
172919,551589,21854,,-2,2011-05-03 11:30:00,0.0,,United Kingdom,False
173241,551663,84548,,-70,2011-05-03 12:34:00,0.0,,United Kingdom,False
173242,551664,20933,,-3,2011-05-03 12:34:00,0.0,,United Kingdom,False
173265,551666,84750A,,-10,2011-05-03 12:35:00,0.0,,United Kingdom,False
173267,551668,22444,,-10,2011-05-03 12:37:00,0.0,,United Kingdom,False
173269,551671,20734,,-10,2011-05-03 12:38:00,0.0,,United Kingdom,False
173271,551672,84631,,-4,2011-05-03 12:39:00,0.0,,United Kingdom,False
173272,551673,79192A,,-9,2011-05-03 12:39:00,0.0,,United Kingdom,False
173325,551689,22625,,-9,2011-05-03 13:35:00,0.0,,United Kingdom,False
173326,551690,21143,,-9,2011-05-03 13:35:00,0.0,,United Kingdom,False
173352,551695,22467,,-8,2011-05-03 13:37:00,0.0,,United Kingdom,False
173392,551700,85144,,-38,2011-05-03 14:13:00,0.0,,United Kingdom,False
173393,551701,84683,,-2,2011-05-03 14:15:00,0.0,,United Kingdom,False
173409,551704,22656,,-2,2011-05-03 14:33:00,0.0,,United Kingdom,False
173410,551705,22655,damages/showroom etc,-11,2011-05-03 14:35:00,0.0,,United Kingdom,False
173848,551722,20975,,-170,2011-05-03 16:50:00,0.0,,United Kingdom,False
173849,551723,22136,,-23,2011-05-03 16:51:00,0.0,,United Kingdom,False
174044,551735,21656,samples,-19,2011-05-04 10:25:00,0.0,,United Kingdom,False
174654,551837,79164,damages/credits from ASOS.,-1512,2011-05-04 13:23:00,0.0,,United Kingdom,False
174655,551838,35609A,,-51,2011-05-04 13:31:00,0.0,,United Kingdom,False
177228,552050,84916,,-32,2011-05-06 10:08:00,0.0,,United Kingdom,False
177289,552052,84917,,-8,2011-05-06 10:10:00,0.0,,United Kingdom,False
177998,552214,84872A,,-12,2011-05-06 15:11:00,0.0,,United Kingdom,False
177999,552215,17096,,-41,2011-05-06 15:12:00,0.0,,United Kingdom,False
178000,552216,21363,,-19,2011-05-06 15:12:00,0.0,,United Kingdom,False
178012,552218,84406B,,-38,2011-05-06 15:15:00,0.0,,United Kingdom,False
178013,552219,22073,,-56,2011-05-06 15:16:00,0.0,,United Kingdom,False
178015,552221,21043,,-38,2011-05-06 15:20:00,0.0,,United Kingdom,False
178016,552222,21974,,-45,2011-05-06 15:22:00,0.0,,United Kingdom,False
178017,552223,22524,,-49,2011-05-06 15:24:00,0.0,,United Kingdom,False
178018,552224,84766,,-37,2011-05-06 15:25:00,0.0,,United Kingdom,False
178019,552225,22775,,-40,2011-05-06 15:26:00,0.0,,United Kingdom,False
178020,552226,22035,,-160,2011-05-06 15:26:00,0.0,,United Kingdom,False
178022,552228,84912B,,-93,2011-05-06 15:29:00,0.0,,United Kingdom,False
180618,552331,22667,damaged,-30,2011-05-09 10:24:00,0.0,,United Kingdom,False
181042,552443,22796,Not rcvd in 10/11/2010 delivery,-360,2011-05-09 13:05:00,0.0,,United Kingdom,False
183217,552653,22926,,-48,2011-05-10 14:12:00,0.0,,United Kingdom,False
185113,552733,23059,Thrown away-rusty,-2376,2011-05-11 10:48:00,0.0,,United Kingdom,False
185149,552763,21137,,-25,2011-05-11 11:33:00,0.0,,United Kingdom,False
185167,552766,22084,,-56,2011-05-11 11:41:00,0.0,,United Kingdom,False
185168,552767,79164,,-47,2011-05-11 11:42:00,0.0,,United Kingdom,False
185169,552768,22087,,-26,2011-05-11 11:43:00,0.0,,United Kingdom,False
187583,552979,35970,,-217,2011-05-12 14:49:00,0.0,,United Kingdom,False
188515,553041,22521,,-9,2011-05-13 09:01:00,0.0,,United Kingdom,False
189299,553147,84879,damaged,-160,2011-05-13 13:58:00,0.0,,United Kingdom,False
192166,553391,37370,sold as set/6 by dotcom,-786,2011-05-16 16:42:00,0.0,,United Kingdom,False
192289,553394,15058A,wet/rusty,-30,2011-05-16 16:47:00,0.0,,United Kingdom,False
192290,553395,15058C,wet/rusty,-30,2011-05-16 16:47:00,0.0,,United Kingdom,False
192291,553396,22423,damages,-21,2011-05-16 16:48:00,0.0,,United Kingdom,False
192293,553398,37370,damages/dotcom?,-590,2011-05-16 17:07:00,0.0,,United Kingdom,False
192294,553399,84789,,-2,2011-05-16 17:08:00,0.0,,United Kingdom,False
192295,553400,20803,damages,-40,2011-05-16 17:09:00,0.0,,United Kingdom,False
192296,553401,22060,,-16,2011-05-16 17:10:00,0.0,,United Kingdom,False
192434,553413,21259,,-51,2011-05-17 09:45:00,0.0,,United Kingdom,False
193997,553548,75131,,-48,2011-05-17 15:57:00,0.0,,United Kingdom,False
194509,553651,46126A,,-23,2011-05-18 11:06:00,0.0,,United Kingdom,False
194510,553652,20826,,-168,2011-05-18 11:06:00,0.0,,United Kingdom,False
194638,553659,20967,,-77,2011-05-18 11:47:00,0.0,,United Kingdom,False
195793,553743,21318,,-62,2011-05-19 09:44:00,0.0,,United Kingdom,False
195794,553744,85141,,-7,2011-05-19 09:44:00,0.0,,United Kingdom,False
198214,554017,22520,,-101,2011-05-20 13:15:00,0.0,,United Kingdom,False
198242,554020,22518,,-30,2011-05-20 13:17:00,0.0,,United Kingdom,False
198243,554021,20886,,-65,2011-05-20 13:18:00,0.0,,United Kingdom,False
198245,554023,82613B,,-71,2011-05-20 13:20:00,0.0,,United Kingdom,False
198246,554024,20998,,-11,2011-05-20 13:21:00,0.0,,United Kingdom,False
200352,554128,84563A,damaged,-4,2011-05-23 09:26:00,0.0,,United Kingdom,False
200446,554133,84596J,,-3,2011-05-23 09:46:00,0.0,,United Kingdom,False
200562,554143,79030G,damages,-413,2011-05-23 10:40:00,0.0,,United Kingdom,False
200563,554144,79030D,damages,-664,2011-05-23 10:42:00,0.0,,United Kingdom,False
200564,554145,84313C,,-12,2011-05-23 10:43:00,0.0,,United Kingdom,False
201252,554276,22966,,-58,2011-05-23 13:19:00,0.0,,United Kingdom,False
201488,554287,22700,smashed,-48,2011-05-23 14:17:00,0.0,,United Kingdom,False
201551,554299,20975,,-39,2011-05-23 14:28:00,0.0,,United Kingdom,False
201738,554311,84743C,,-16,2011-05-23 15:28:00,0.0,,United Kingdom,False
201739,554312,84741C,,-2,2011-05-23 15:28:00,0.0,,United Kingdom,False
201740,554313,21144,,-63,2011-05-23 15:28:00,0.0,,United Kingdom,False
201741,554314,85195,,-13,2011-05-23 15:29:00,0.0,,United Kingdom,False
201752,554316,21195,,-1,2011-05-23 15:29:00,0.0,,United Kingdom,False
201753,554317,85198,,-11,2011-05-23 15:29:00,0.0,,United Kingdom,False
201754,554318,84535A,,-65,2011-05-23 15:30:00,0.0,,United Kingdom,False
201755,554319,47574B,,-13,2011-05-23 15:31:00,0.0,,United Kingdom,False
201756,554320,16053,,-102,2011-05-23 15:32:00,0.0,,United Kingdom,False
201757,554321,16244B,,-5,2011-05-23 15:32:00,0.0,,United Kingdom,False
201841,554328,21609,,-46,2011-05-23 16:49:00,0.0,,United Kingdom,False
202089,554360,22524,,-13,2011-05-24 09:59:00,0.0,,United Kingdom,False
202495,554432,85132A,damaged,-97,2011-05-24 12:16:00,0.0,,United Kingdom,False
202599,554488,84913A,,-75,2011-05-24 13:35:00,0.0,,United Kingdom,False
203752,554551,47566B,reverse previous adjustment,-1300,2011-05-25 09:58:00,0.0,,United Kingdom,False
203761,554553,47566B,incorrectly credited C550456 see 47,-1300,2011-05-25 09:59:00,0.0,,United Kingdom,False
203839,554559,16151A,,-2,2011-05-25 10:28:00,0.0,,United Kingdom,False
204598,554675,20903,,-33,2011-05-25 16:01:00,0.0,,United Kingdom,False
204599,554676,71143,,-31,2011-05-25 16:03:00,0.0,,United Kingdom,False
204601,554678,85086A,,-30,2011-05-25 16:03:00,0.0,,United Kingdom,False
204602,554679,35916A,,-21,2011-05-25 16:04:00,0.0,,United Kingdom,False
204603,554680,35916B,,-21,2011-05-25 16:04:00,0.0,,United Kingdom,False
204604,554681,35916C,,-32,2011-05-25 16:04:00,0.0,,United Kingdom,False
205953,554852,21272,?,-212,2011-05-27 09:24:00,0.0,,United Kingdom,False
206179,554907,40003,,-11,2011-05-27 11:45:00,0.0,,United Kingdom,False
206311,554928,21763,,-3,2011-05-27 13:03:00,0.0,,United Kingdom,False
210959,555330,84804A,wet damaged,-125,2011-06-02 11:11:00,0.0,,United Kingdom,False
210960,555331,84800L,wet damaged,-144,2011-06-02 11:11:00,0.0,,United Kingdom,False
210961,555332,84801A,wet damaged,-48,2011-06-02 11:11:00,0.0,,United Kingdom,False
210962,555333,84805B,wet damaged,-96,2011-06-02 11:12:00,0.0,,United Kingdom,False
210963,555334,84805A,wet damaged,-96,2011-06-02 11:12:00,0.0,,United Kingdom,False
210964,555335,84804B,,-96,2011-06-02 11:13:00,0.0,,United Kingdom,False
211571,555387,22276,,-59,2011-06-02 15:30:00,0.0,,United Kingdom,False
211593,555391,22501,,-10,2011-06-02 16:29:00,0.0,,United Kingdom,False
212679,555503,84313C,damaged,-1,2011-06-03 15:39:00,0.0,,United Kingdom,False
212681,555505,79030G,Water damaged,-16,2011-06-03 15:48:00,0.0,,United Kingdom,False
212682,555506,21397,damaged,-57,2011-06-03 16:03:00,0.0,,United Kingdom,False
216129,555821,21399,,-116,2011-06-07 12:01:00,0.0,,United Kingdom,False
216130,555822,35809A,,-13,2011-06-07 12:04:00,0.0,,United Kingdom,False
216131,555823,47021G,,-52,2011-06-07 12:06:00,0.0,,United Kingdom,False
216132,555824,21043,,-12,2011-06-07 12:06:00,0.0,,United Kingdom,False
216276,555838,22966,,-6,2011-06-07 12:37:00,0.0,,United Kingdom,False
218100,556012,15044B,,-27,2011-06-08 11:45:00,0.0,,United Kingdom,False
218102,556013,21662,,-17,2011-06-08 11:46:00,0.0,,United Kingdom,False
218103,556014,37476,,-3,2011-06-08 11:46:00,0.0,,United Kingdom,False
218104,556015,37501,,-13,2011-06-08 11:50:00,0.0,,United Kingdom,False
218477,556046,21890,missing,-140,2011-06-08 12:56:00,0.0,,United Kingdom,False
218699,556061,20906,,-21,2011-06-08 14:04:00,0.0,,United Kingdom,False
218794,556069,84226,,-34,2011-06-08 14:41:00,0.0,,United Kingdom,False
218874,556074,22519,,-19,2011-06-08 15:14:00,0.0,,United Kingdom,False
220141,556122,85019C,Damaged,-108,2011-06-09 10:12:00,0.0,,United Kingdom,False
220142,556123,22272,Damaged,-15,2011-06-09 10:13:00,0.0,,United Kingdom,False
220143,556124,17007B,,-4,2011-06-09 10:14:00,0.0,,United Kingdom,False
220844,556232,21135,sold as set on dotcom,-304,2011-06-09 15:15:00,0.0,,United Kingdom,False
220845,556233,21136,sold as set on dotcom,-272,2011-06-09 15:20:00,0.0,,United Kingdom,False
221186,556242,21700,sold as set on dotcom and amazon,-1206,2011-06-09 16:06:00,0.0,,United Kingdom,False
221643,556260,37340,sold as set on dotcom,-18,2011-06-09 18:02:00,0.0,,United Kingdom,False
221644,556261,79051A,sold as set on dotcom,-6,2011-06-09 18:03:00,0.0,,United Kingdom,False
221645,556262,37327,sold as set on dotcom,-95,2011-06-09 18:04:00,0.0,,United Kingdom,False
221876,556286,16052,,-16,2011-06-10 09:22:00,0.0,,United Kingdom,False
221877,556287,16043,,-45,2011-06-10 09:22:00,0.0,,United Kingdom,False
221896,556289,20823,,-102,2011-06-10 09:23:00,0.0,,United Kingdom,False
221920,556292,21472,,-1,2011-06-10 09:24:00,0.0,,United Kingdom,False
221959,556299,21937,?,-161,2011-06-10 10:17:00,0.0,,United Kingdom,False
221960,556300,20735,,-472,2011-06-10 10:18:00,0.0,,United Kingdom,False
221961,556301,22968,water damage,-50,2011-06-10 10:18:00,0.0,,United Kingdom,False
222006,556306,37479B,sold as set by dotcom,-30,2011-06-10 10:38:00,0.0,,United Kingdom,False
222007,556307,37479P,sold as set on dotcom,-30,2011-06-10 10:39:00,0.0,,United Kingdom,False
222008,556308,22130,sold as set on dotcom,-390,2011-06-10 10:43:00,0.0,,United Kingdom,False
222009,556309,22856,sold as set on dotcom,-30,2011-06-10 10:44:00,0.0,,United Kingdom,False
222010,556310,22944,sold as set on dotcom,-42,2011-06-10 10:44:00,0.0,,United Kingdom,False
222011,556311,37471,sold as set on dotcom,-12,2011-06-10 10:45:00,0.0,,United Kingdom,False
222012,556312,22924,sold as set on dotcom,-30,2011-06-10 10:46:00,0.0,,United Kingdom,False
222013,556313,22923,sold as set on dotcom,-12,2011-06-10 10:46:00,0.0,,United Kingdom,False
222014,556314,23155,sold as set on dotcom,-84,2011-06-10 10:47:00,0.0,,United Kingdom,False
222015,556315,22948,sold as set on dotcom,-108,2011-06-10 10:47:00,0.0,,United Kingdom,False
222016,556316,22128,sold as set on dotcom,-24,2011-06-10 10:48:00,0.0,,United Kingdom,False
222017,556317,22857,sold as set on dotcom,-48,2011-06-10 10:48:00,0.0,,United Kingdom,False
222034,556319,22945,sold as set on dotcom,-618,2011-06-10 10:49:00,0.0,,United Kingdom,False
222035,556320,22922,sold as set on dotcom,-42,2011-06-10 10:50:00,0.0,,United Kingdom,False
222036,556321,79163,sold as set on dotcom,-24,2011-06-10 10:50:00,0.0,,United Kingdom,False
222037,556322,22915,sold as set on dotcom,-204,2011-06-10 10:51:00,0.0,,United Kingdom,False
225528,556687,23003,Printing smudges/thrown away,-9058,2011-06-14 10:36:00,0.0,,United Kingdom,False
225529,556690,23005,printing smudges/thrown away,-9600,2011-06-14 10:37:00,0.0,,United Kingdom,False
225530,556691,23005,printing smudges/thrown away,-9600,2011-06-14 10:37:00,0.0,,United Kingdom,False
227588,556884,22698,,-61,2011-06-15 12:27:00,0.0,,United Kingdom,False
228733,556943,84809A,,-126,2011-06-15 16:54:00,0.0,,United Kingdom,False
228734,556944,84800L,,-29,2011-06-15 16:54:00,0.0,,United Kingdom,False
228879,556963,35965,found some more on shelf,-9,2011-06-16 09:40:00,0.0,,United Kingdom,False
229287,557025,22192,,-9,2011-06-16 13:09:00,0.0,,United Kingdom,False
229333,557028,79071B,,-4,2011-06-16 13:25:00,0.0,,United Kingdom,False
229334,557029,22480,,-24,2011-06-16 13:29:00,0.0,,United Kingdom,False
229335,557030,21446,,-50,2011-06-16 13:30:00,0.0,,United Kingdom,False
229336,557031,21447,,-65,2011-06-16 13:31:00,0.0,,United Kingdom,False
229380,557035,82583,?,-220,2011-06-16 13:52:00,0.0,,United Kingdom,False
229381,557036,20867,?,-271,2011-06-16 13:53:00,0.0,,United Kingdom,False
229728,557108,23113,Damaged,-1440,2011-06-16 15:58:00,0.0,,United Kingdom,False
232920,557390,21360,Show Samples,-4,2011-06-20 11:12:00,0.0,,United Kingdom,False
233055,557417,84809B,damaged,-324,2011-06-20 11:51:00,0.0,,United Kingdom,False
234739,557596,23114,Damaged,-1440,2011-06-21 11:33:00,0.0,,United Kingdom,False
234740,557597,23115,Damaged,-1440,2011-06-21 11:33:00,0.0,,United Kingdom,False
234764,557599,23116,Damaged,-1440,2011-06-21 11:34:00,0.0,,United Kingdom,False
234765,557600,23117,Damaged,-1440,2011-06-21 11:35:00,0.0,,United Kingdom,False
236413,557756,22567,,-14,2011-06-22 13:18:00,0.0,,United Kingdom,False
236762,557777,44265,,-5,2011-06-22 15:11:00,0.0,,United Kingdom,False
236763,557778,21161,,-38,2011-06-22 15:11:00,0.0,,United Kingdom,False
236794,557784,21421,damaged,-5,2011-06-22 15:49:00,0.0,,United Kingdom,False
237200,557806,84706D,,-5,2011-06-23 10:32:00,0.0,,United Kingdom,False
237286,557851,85130A,,-23,2011-06-23 10:57:00,0.0,,United Kingdom,False
239229,558032,22443,,-7,2011-06-24 12:14:00,0.0,,United Kingdom,False
239230,558033,84876B,,-59,2011-06-24 12:15:00,0.0,,United Kingdom,False
239231,558034,20658,,-78,2011-06-24 12:17:00,0.0,,United Kingdom,False
241679,558238,22722,,-21,2011-06-27 15:04:00,0.0,,United Kingdom,False
241839,558244,84796B,,-2,2011-06-27 15:52:00,0.0,,United Kingdom,False
241999,558268,21351,damaged,-220,2011-06-28 10:17:00,0.0,,United Kingdom,False
242056,558306,85232D,mix up with c,-118,2011-06-28 10:59:00,0.0,,United Kingdom,False
242057,558307,22088,,-39,2011-06-28 11:02:00,0.0,,United Kingdom,False
242058,558308,84576,,-10,2011-06-28 11:02:00,0.0,,United Kingdom,False
242059,558309,85132B,,-42,2011-06-28 11:03:00,0.0,,United Kingdom,False
242190,558318,85232A,,-14,2011-06-28 11:52:00,0.0,,United Kingdom,False
242904,558377,37423,,-17,2011-06-28 16:24:00,0.0,,United Kingdom,False
242905,558378,79161A,,-13,2011-06-28 16:27:00,0.0,,United Kingdom,False
242906,558379,22618,"mouldy, unsaleable.",-1681,2011-06-28 16:34:00,0.0,,United Kingdom,False
243332,558445,22034,,-18,2011-06-29 13:39:00,0.0,,United Kingdom,False
243333,558446,22164,,-80,2011-06-29 13:40:00,0.0,,United Kingdom,False
243342,558448,22163,,-90,2011-06-29 13:40:00,0.0,,United Kingdom,False
243343,558449,21807,,-35,2011-06-29 13:40:00,0.0,,United Kingdom,False
243345,558451,21817,,-80,2011-06-29 13:41:00,0.0,,United Kingdom,False
243390,558457,21147,?,-95,2011-06-29 13:59:00,0.0,,United Kingdom,False
243523,558464,35966,,-20,2011-06-29 15:17:00,0.0,,United Kingdom,False
244260,558476,84597B,damages,-6,2011-06-29 16:04:00,0.0,,United Kingdom,False
244261,558477,84597C,,-1,2011-06-29 16:04:00,0.0,,United Kingdom,False
244398,558520,21896,,-38,2011-06-30 10:25:00,0.0,,United Kingdom,False
246772,558723,84865,damaged,-7,2011-07-01 14:28:00,0.0,,United Kingdom,False
246782,558728,20826,,-1,2011-07-01 14:50:00,0.0,,United Kingdom,False
246797,558730,22060,damaged,-1,2011-07-01 14:51:00,0.0,,United Kingdom,False
246853,558732,47341A,,-1,2011-07-01 14:55:00,0.0,,United Kingdom,False
246901,558741,37444C,,-1,2011-07-01 15:52:00,0.0,,United Kingdom,False
246902,558742,62043B,,-1,2011-07-01 15:56:00,0.0,,United Kingdom,False
246903,558743,35810B,,-4,2011-07-01 15:56:00,0.0,,United Kingdom,False
249244,558890,84857C,,-24,2011-07-04 15:34:00,0.0,,United Kingdom,False
254446,559314,84584,?,-50,2011-07-07 13:51:00,0.0,,United Kingdom,False
255772,559365,22451,,-3,2011-07-08 08:53:00,0.0,,United Kingdom,False
255899,559373,16156S,,-110,2011-07-08 10:36:00,0.0,,United Kingdom,False
255900,559374,22050,,-100,2011-07-08 10:37:00,0.0,,United Kingdom,False
255901,559375,22051,?,-300,2011-07-08 10:37:00,0.0,,United Kingdom,False
255902,559376,48116,,-35,2011-07-08 10:38:00,0.0,,United Kingdom,False
255904,559378,21781,damages?,-39,2011-07-08 10:40:00,0.0,,United Kingdom,False
255905,559379,79337,,-8,2011-07-08 10:42:00,0.0,,United Kingdom,False
255906,559390,21700,,-110,2011-07-08 10:46:00,0.0,,United Kingdom,False
255907,559398,21169,,-70,2011-07-08 10:48:00,0.0,,United Kingdom,False
255935,559402,21635,,-8,2011-07-08 10:49:00,0.0,,United Kingdom,False
255936,559405,22863,,-7,2011-07-08 10:50:00,0.0,,United Kingdom,False
255937,559410,84341B,,-179,2011-07-08 10:51:00,0.0,,United Kingdom,False
255938,559414,22855,,-4,2011-07-08 10:52:00,0.0,,United Kingdom,False
256025,559423,71143,,-14,2011-07-08 12:06:00,0.0,,United Kingdom,False
258540,559655,21166,?,-124,2011-07-11 12:57:00,0.0,,United Kingdom,False
259969,559792,21067,,-66,2011-07-12 12:31:00,0.0,,United Kingdom,False
263184,559943,21578,?,-251,2011-07-14 10:21:00,0.0,,United Kingdom,False
263870,560037,22242,,-34,2011-07-14 14:00:00,0.0,,United Kingdom,False
263884,560039,20713,wrongly marked. 23343 in box,-3100,2011-07-14 14:27:00,0.0,,United Kingdom,False
264421,560091,44236,,-10,2011-07-14 17:03:00,0.0,,United Kingdom,False
264704,560110,21673,,-40,2011-07-15 09:51:00,0.0,,United Kingdom,False
264705,560111,84874B,,-3,2011-07-15 09:52:00,0.0,,United Kingdom,False
264706,560112,21683,,-38,2011-07-15 09:52:00,0.0,,United Kingdom,False
264707,560113,21865,,-40,2011-07-15 09:52:00,0.0,,United Kingdom,False
264708,560114,75172,,-35,2011-07-15 09:53:00,0.0,,United Kingdom,False
265293,560213,10123C,,-18,2011-07-15 15:05:00,0.0,,United Kingdom,False
265294,560214,16162L,,-54,2011-07-15 15:07:00,0.0,,United Kingdom,False
265295,560215,16162M,,-84,2011-07-15 15:08:00,0.0,,United Kingdom,False
268450,560423,16169K,,-25,2011-07-18 15:15:00,0.0,,United Kingdom,False
268451,560424,21503,,-84,2011-07-18 15:15:00,0.0,,United Kingdom,False
268452,560425,81950B,,-23,2011-07-18 15:15:00,0.0,,United Kingdom,False
268473,560427,84629,,-2,2011-07-18 15:16:00,0.0,,United Kingdom,False
268474,560428,21634,,-169,2011-07-18 15:17:00,0.0,,United Kingdom,False
269195,560440,84029E,,-1,2011-07-18 16:36:00,0.0,,United Kingdom,False
270742,560583,17096,,-7,2011-07-19 15:31:00,0.0,,United Kingdom,False
270886,560600,18007,,-2834,2011-07-19 17:04:00,0.0,,United Kingdom,False
271791,560717,84576,damaged,-3,2011-07-20 13:28:00,0.0,,United Kingdom,False
271818,560719,84877A,,-21,2011-07-20 13:30:00,0.0,,United Kingdom,False
271822,560722,16049,,-31,2011-07-20 13:37:00,0.0,,United Kingdom,False
272078,560730,84797B,,-2,2011-07-20 14:53:00,0.0,,United Kingdom,False
272157,560737,84798B,,-109,2011-07-20 15:34:00,0.0,,United Kingdom,False
273442,560830,81953B,,-6,2011-07-21 12:03:00,0.0,,United Kingdom,False
273443,560831,81950V,,-1,2011-07-21 12:04:00,0.0,,United Kingdom,False
273911,560867,21891,,-21,2011-07-21 14:10:00,0.0,,United Kingdom,False
274544,560923,22777,,-14,2011-07-22 08:54:00,0.0,,United Kingdom,False
275219,560939,84907,,-3,2011-07-22 11:20:00,0.0,,United Kingdom,False
275220,560940,72127,,-53,2011-07-22 11:20:00,0.0,,United Kingdom,False
275221,560941,85230E,,-178,2011-07-22 11:21:00,0.0,,United Kingdom,False
277041,561086,15036,,-530,2011-07-25 09:32:00,0.0,,United Kingdom,False
277345,561103,85103,stock creditted wrongly,-32,2011-07-25 11:23:00,0.0,,United Kingdom,False
277389,561107,84763,,-5,2011-07-25 11:42:00,0.0,,United Kingdom,False
277390,561108,46775D,,-7,2011-07-25 11:43:00,0.0,,United Kingdom,False
277394,561110,85087,,-16,2011-07-25 11:44:00,0.0,,United Kingdom,False
279251,561249,DCGS0073,ebay,-4,2011-07-26 11:51:00,0.0,,United Kingdom,False
279252,561250,DCGS0071,,-2,2011-07-26 11:51:00,0.0,,United Kingdom,False
279253,561251,DCGS0070,,-8,2011-07-26 11:51:00,0.0,,United Kingdom,False
279254,561252,DCGS0069,ebay,-5,2011-07-26 11:52:00,0.0,,United Kingdom,False
279255,561253,DCGS0068,ebay,-10,2011-07-26 11:52:00,0.0,,United Kingdom,False
279256,561254,DCGS0067,ebay,-11,2011-07-26 11:52:00,0.0,,United Kingdom,False
279257,561255,DCGS0066P,,-3,2011-07-26 11:52:00,0.0,,United Kingdom,False
279258,561256,DCGS0003,ebay,-7,2011-07-26 11:53:00,0.0,,United Kingdom,False
279510,561326,21294,damaged,-227,2011-07-26 13:50:00,0.0,,United Kingdom,False
279637,561354,21792,,-8,2011-07-26 14:50:00,0.0,,United Kingdom,False
279709,561362,84415A,,-11,2011-07-26 15:41:00,0.0,,United Kingdom,False
279752,561364,84415B,,-4,2011-07-26 15:42:00,0.0,,United Kingdom,False
280652,561475,84584,,-3,2011-07-27 13:29:00,0.0,,United Kingdom,False
280653,561476,21839,,-36,2011-07-27 13:29:00,0.0,,United Kingdom,False
280655,561478,20954,,-2,2011-07-27 13:32:00,0.0,,United Kingdom,False
280656,561479,21594,,-1,2011-07-27 13:32:00,0.0,,United Kingdom,False
280657,561480,21858,,-12,2011-07-27 13:32:00,0.0,,United Kingdom,False
280658,561481,20684,,-27,2011-07-27 13:38:00,0.0,,United Kingdom,False
280659,561482,21432,,-2,2011-07-27 13:39:00,0.0,,United Kingdom,False
280661,561484,77081,,-39,2011-07-27 13:41:00,0.0,,United Kingdom,False
280720,561486,21765,,-2,2011-07-27 13:48:00,0.0,,United Kingdom,False
280721,561487,22168,,-1,2011-07-27 13:51:00,0.0,,United Kingdom,False
280745,561489,84905,,-2,2011-07-27 13:52:00,0.0,,United Kingdom,False
280747,561491,21781,,-2,2011-07-27 13:56:00,0.0,,United Kingdom,False
280748,561492,22528,,-1,2011-07-27 13:57:00,0.0,,United Kingdom,False
280749,561493,84761,,-11,2011-07-27 13:59:00,0.0,,United Kingdom,False
280750,561494,18097A,,-23,2011-07-27 14:04:00,0.0,,United Kingdom,False
280752,561496,17090D,,-10,2011-07-27 14:08:00,0.0,,United Kingdom,False
280754,561498,21610,,-14,2011-07-27 14:10:00,0.0,,United Kingdom,False
280756,561500,85040B,,-1,2011-07-27 14:12:00,0.0,,United Kingdom,False
280757,561501,21278,,-1,2011-07-27 14:13:00,0.0,,United Kingdom,False
280820,561503,22194,,-4,2011-07-27 14:14:00,0.0,,United Kingdom,False
280821,561504,21361,,-7,2011-07-27 14:15:00,0.0,,United Kingdom,False
280822,561505,84925D,,-12,2011-07-27 14:16:00,0.0,,United Kingdom,False
280823,561506,72051S,,-1,2011-07-27 14:18:00,0.0,,United Kingdom,False
281449,561523,20973,,-45,2011-07-27 17:38:00,0.0,,United Kingdom,False
281450,561524,16020C,,-2,2011-07-27 17:39:00,0.0,,United Kingdom,False
281451,561525,84466,,-1,2011-07-27 17:40:00,0.0,,United Kingdom,False
281452,561526,21051,,-2,2011-07-27 17:40:00,0.0,,United Kingdom,False
281453,561527,20666,,-5,2011-07-27 17:40:00,0.0,,United Kingdom,False
281551,561536,84927E,,-2,2011-07-28 09:58:00,0.0,,United Kingdom,False
281569,561538,84927D,,-1,2011-07-28 09:58:00,0.0,,United Kingdom,False
281570,561539,79026B,,-1,2011-07-28 10:08:00,0.0,,United Kingdom,False
281571,561540,84279B,,-1,2011-07-28 10:08:00,0.0,,United Kingdom,False
281572,561541,21658,,-1,2011-07-28 10:09:00,0.0,,United Kingdom,False
281592,561543,22202,,-1,2011-07-28 10:10:00,0.0,,United Kingdom,False
281614,561553,21392,,-29,2011-07-28 10:20:00,0.0,,United Kingdom,False
281615,561555,37477B,,-11,2011-07-28 10:21:00,0.0,,United Kingdom,False
281616,561557,37477C,,-31,2011-07-28 10:21:00,0.0,,United Kingdom,False
281887,561609,47589,,-1,2011-07-28 12:24:00,0.0,,United Kingdom,False
282290,561639,84799,,-346,2011-07-28 14:58:00,0.0,,United Kingdom,False
282291,561640,84802B,,-125,2011-07-28 14:58:00,0.0,,United Kingdom,False
282875,561663,22501,incorrectly put back into stock,-108,2011-07-28 16:40:00,0.0,,United Kingdom,False
282904,561668,44091A,,-2,2011-07-28 17:03:00,0.0,,United Kingdom,False
283806,561805,23284,,-15,2011-07-29 14:42:00,0.0,,United Kingdom,False
285724,561918,85127,,-6,2011-08-01 12:05:00,0.0,,United Kingdom,False
285725,561919,85017B,,-188,2011-08-01 12:08:00,0.0,,United Kingdom,False
285726,561920,84352,Damages/samples,-52,2011-08-01 12:10:00,0.0,,United Kingdom,False
285727,561921,22044,,-240,2011-08-01 12:11:00,0.0,,United Kingdom,False
285790,561924,22042,,-197,2011-08-01 12:27:00,0.0,,United Kingdom,False
285886,561927,22740,?,-1060,2011-08-01 12:49:00,0.0,,United Kingdom,False
288519,562164,21257,?,-94,2011-08-03 12:08:00,0.0,,United Kingdom,False
288872,562212,21187,,-97,2011-08-03 13:28:00,0.0,,United Kingdom,False
289689,562278,21391,Sold as 1 on dotcom,-342,2011-08-04 10:27:00,0.0,,United Kingdom,False
289690,562279,21391,,-26,2011-08-04 10:28:00,0.0,,United Kingdom,False
290106,562352,21735,damages,-59,2011-08-04 13:12:00,0.0,,United Kingdom,False
290579,562382,22927,?,-40,2011-08-04 15:36:00,0.0,,United Kingdom,False
290580,562383,22523,?,-90,2011-08-04 15:37:00,0.0,,United Kingdom,False
290581,562384,23175,,-44,2011-08-04 15:41:00,0.0,,United Kingdom,False
290582,562385,47559B,,-84,2011-08-04 15:42:00,0.0,,United Kingdom,False
290583,562386,84596L,,-21,2011-08-04 15:43:00,0.0,,United Kingdom,False
290639,562390,21246,,-92,2011-08-04 16:00:00,0.0,,United Kingdom,False
290640,562391,22854,,-40,2011-08-04 16:02:00,0.0,,United Kingdom,False
291606,562463,85152,,-6,2011-08-05 11:30:00,0.0,,United Kingdom,False
291607,562464,20701,,-24,2011-08-05 11:31:00,0.0,,United Kingdom,False
292266,562544,84920,,-9,2011-08-05 15:46:00,0.0,,United Kingdom,False
292269,562546,20694,?,-110,2011-08-05 15:46:00,0.0,,United Kingdom,False
292270,562547,21918,,-343,2011-08-05 15:49:00,0.0,,United Kingdom,False
292271,562548,23084,,-84,2011-08-05 16:00:00,0.0,,United Kingdom,False
293905,562653,21359,,-30,2011-08-08 13:35:00,0.0,,United Kingdom,False
295405,562785,21033,,-455,2011-08-09 13:32:00,0.0,,United Kingdom,False
296208,562855,84800M,,-124,2011-08-10 10:16:00,0.0,,United Kingdom,False
299644,563148,21033,,-37,2011-08-12 11:35:00,0.0,,United Kingdom,False
301165,563244,22740,,-36,2011-08-15 10:49:00,0.0,,United Kingdom,False
302846,563453,21033,taig adjust no stock,-24,2011-08-16 14:34:00,0.0,,United Kingdom,False
305195,563650,79163,,-156,2011-08-18 10:43:00,0.0,,United Kingdom,False
305196,563652,22461,,-36,2011-08-18 10:43:00,0.0,,United Kingdom,False
305607,563700,85106,,-553,2011-08-18 13:55:00,0.0,,United Kingdom,False
305626,563704,37342,,-66,2011-08-18 14:03:00,0.0,,United Kingdom,False
305830,563715,90120D,,-18,2011-08-18 16:08:00,0.0,,United Kingdom,False
314906,564667,23084,,-400,2011-08-26 15:08:00,0.0,,United Kingdom,False
319895,564914,85132C,damages,-109,2011-08-31 12:40:00,0.0,,United Kingdom,False
320576,565042,85185B,,-27,2011-08-31 17:01:00,0.0,,United Kingdom,False
320585,565045,21670,,-115,2011-08-31 17:03:00,0.0,,United Kingdom,False
320586,565046,22606,,-49,2011-08-31 17:04:00,0.0,,United Kingdom,False
320588,565048,84976,,-66,2011-08-31 17:06:00,0.0,,United Kingdom,False
320589,565049,21907,,-77,2011-08-31 17:09:00,0.0,,United Kingdom,False
320594,565052,21179,,-60,2011-08-31 17:11:00,0.0,,United Kingdom,False
320595,565055,21172,,-10,2011-08-31 17:11:00,0.0,,United Kingdom,False
320619,565057,82551,,-110,2011-08-31 17:12:00,0.0,,United Kingdom,False
320620,565060,21165,,-46,2011-08-31 17:15:00,0.0,,United Kingdom,False
320621,565063,21175,,-18,2011-08-31 17:15:00,0.0,,United Kingdom,False
320693,565069,20665,,-49,2011-08-31 17:18:00,0.0,,United Kingdom,False
320695,565071,84754,,-242,2011-08-31 17:21:00,0.0,,United Kingdom,False
320696,565072,21820,,-210,2011-08-31 17:22:00,0.0,,United Kingdom,False
323241,565275,90209C,,-72,2011-09-02 11:08:00,0.0,,United Kingdom,False
323389,565296,84929,code mix up? 84930,-967,2011-09-02 12:04:00,0.0,,United Kingdom,False
323390,565297,84877D,?,-203,2011-09-02 12:06:00,0.0,,United Kingdom,False
323391,565302,21682,?display?,-156,2011-09-02 12:16:00,0.0,,United Kingdom,False
323458,565304,16259,,-3167,2011-09-02 12:18:00,0.0,,United Kingdom,False
323461,565306,21830,sold as 1,-252,2011-09-02 12:20:00,0.0,,United Kingdom,False
323462,565307,21830,?,-443,2011-09-02 12:20:00,0.0,,United Kingdom,False
323463,565308,21829,sold as 1,-432,2011-09-02 12:22:00,0.0,,United Kingdom,False
323469,565310,21829,?missing,-1897,2011-09-02 12:26:00,0.0,,United Kingdom,False
323493,565314,84660C,,-21,2011-09-02 12:43:00,0.0,,United Kingdom,False
323872,565370,82494L,crushed ctn,-33,2011-09-02 15:04:00,0.0,,United Kingdom,False
323873,565371,82483,crushed,-13,2011-09-02 15:04:00,0.0,,United Kingdom,False
324024,565385,22435,?missing,-434,2011-09-02 15:46:00,0.0,,United Kingdom,False
324131,565389,47343A,,-16,2011-09-02 16:19:00,0.0,,United Kingdom,False
331018,565935,23064,Crushed,-8,2011-09-08 10:46:00,0.0,,United Kingdom,False
331029,565938,23066,,-13,2011-09-08 10:54:00,0.0,,United Kingdom,False
332406,566066,15060B,,-52,2011-09-08 16:36:00,0.0,,United Kingdom,False
332407,566067,20686,,-95,2011-09-08 16:36:00,0.0,,United Kingdom,False
332408,566068,22268,,-86,2011-09-08 16:37:00,0.0,,United Kingdom,False
332823,566121,23306,,-682,2011-09-09 10:56:00,0.0,,United Kingdom,False
332824,566122,23084,temp adjustment,-484,2011-09-09 10:57:00,0.0,,United Kingdom,False
337534,566449,20856,??,-140,2011-09-12 16:07:00,0.0,,United Kingdom,False
338957,566573,22823,test,-22,2011-09-13 13:10:00,0.0,,United Kingdom,False
340681,566710,16207B,,-4,2011-09-14 12:03:00,0.0,,United Kingdom,False
340682,566711,21578,,-31,2011-09-14 12:03:00,0.0,,United Kingdom,False
340683,566712,22030,??,-635,2011-09-14 12:04:00,0.0,,United Kingdom,False
341596,566763,84708B,,-5,2011-09-14 17:48:00,0.0,,United Kingdom,False
341597,566764,23065,,-13,2011-09-14 17:49:00,0.0,,United Kingdom,False
341598,566765,22244,,-9,2011-09-14 17:50:00,0.0,,United Kingdom,False
341599,566766,21311,,-117,2011-09-14 17:51:00,0.0,,United Kingdom,False
341600,566767,20977,,-188,2011-09-14 17:52:00,0.0,,United Kingdom,False
341601,566768,16045,,-3667,2011-09-14 17:53:00,0.0,,United Kingdom,False
343999,566977,48173C,,-54,2011-09-16 09:47:00,0.0,,United Kingdom,False
344382,567057,84725,,-8,2011-09-16 11:39:00,0.0,,United Kingdom,False
344383,567058,22453,,-12,2011-09-16 11:40:00,0.0,,United Kingdom,False
344384,567059,22452,,-63,2011-09-16 11:41:00,0.0,,United Kingdom,False
344385,567060,22445,,-62,2011-09-16 11:41:00,0.0,,United Kingdom,False
344386,567061,84877B,,-27,2011-09-16 11:42:00,0.0,,United Kingdom,False
344435,567063,23135,,-27,2011-09-16 11:50:00,0.0,,United Kingdom,False
344867,567113,85215,Damaged,-29,2011-09-16 13:39:00,0.0,,United Kingdom,False
344884,567125,21246,damaged,-2,2011-09-16 13:49:00,0.0,,United Kingdom,False
344928,567127,85230E,Damaged,-48,2011-09-16 14:01:00,0.0,,United Kingdom,False
345011,567132,21830,OOPS ! adjustment,-384,2011-09-16 14:14:00,0.0,,United Kingdom,False
345107,567143,21179,damaged,-14,2011-09-16 15:02:00,0.0,,United Kingdom,False
345179,567149,35607B,thrown away,-9,2011-09-16 15:29:00,0.0,,United Kingdom,False
345180,567150,35817P,thrown away,-44,2011-09-16 15:29:00,0.0,,United Kingdom,False
347977,567363,23028,,-49,2011-09-19 16:58:00,0.0,,United Kingdom,False
347978,567364,22925,,-20,2011-09-19 16:58:00,0.0,,United Kingdom,False
347979,567366,21174,,-138,2011-09-19 16:59:00,0.0,,United Kingdom,False
347983,567367,17012A,,-86,2011-09-19 17:15:00,0.0,,United Kingdom,False
350350,567629,40016,?,-752,2011-09-21 13:21:00,0.0,,United Kingdom,False
350504,567645,21447,,-53,2011-09-21 14:27:00,0.0,,United Kingdom,False
352827,567693,85199L,?,-250,2011-09-21 17:26:00,0.0,,United Kingdom,False
352828,567694,22665,,-24,2011-09-21 17:30:00,0.0,,United Kingdom,False
352829,567695,22688,,-42,2011-09-21 17:31:00,0.0,,United Kingdom,False
352830,567696,23091,,-15,2011-09-21 17:32:00,0.0,,United Kingdom,False
353039,567719,20980,,-7,2011-09-22 10:32:00,0.0,,United Kingdom,False
354119,567861,35597A,,-14,2011-09-22 14:01:00,0.0,,United Kingdom,False
354120,567862,35591T,,-4,2011-09-22 14:02:00,0.0,,United Kingdom,False
355331,567918,79163,damaged,-1,2011-09-22 17:20:00,0.0,,United Kingdom,False
355335,567921,21089,damaged,-7,2011-09-22 17:24:00,0.0,,United Kingdom,False
355345,567923,37343,damaged,-2,2011-09-22 17:24:00,0.0,,United Kingdom,False
355354,567925,84876D,damaged,-2,2011-09-22 17:26:00,0.0,,United Kingdom,False
355356,567927,21654,Damaged,-3,2011-09-22 17:28:00,0.0,,United Kingdom,False
355421,567931,84563B,damaged,-11,2011-09-22 17:38:00,0.0,,United Kingdom,False
355422,567932,85213,,-12,2011-09-22 17:39:00,0.0,,United Kingdom,False
355423,567933,84422,Dagamed,-30,2011-09-22 17:49:00,0.0,,United Kingdom,False
356448,568052,90209C,,-3,2011-09-23 12:42:00,0.0,,United Kingdom,False
357315,568079,85197,,-1,2011-09-23 14:35:00,0.0,,United Kingdom,False
357316,568080,44236,,-2,2011-09-23 14:35:00,0.0,,United Kingdom,False
357317,568081,84663A,,-9,2011-09-23 14:36:00,0.0,,United Kingdom,False
357356,568084,84927A,,-7,2011-09-23 14:38:00,0.0,,United Kingdom,False
357367,568087,85049D,,-8,2011-09-23 14:40:00,0.0,,United Kingdom,False
357368,568088,21641,,-49,2011-09-23 14:40:00,0.0,,United Kingdom,False
357369,568089,22245,,-37,2011-09-23 14:41:00,0.0,,United Kingdom,False
357370,568090,20793,,-5,2011-09-23 14:41:00,0.0,,United Kingdom,False
357371,568091,85211,,-3,2011-09-23 14:41:00,0.0,,United Kingdom,False
357373,568093,20773,,-9,2011-09-23 14:42:00,0.0,,United Kingdom,False
360542,568233,21586,,-147,2011-09-26 11:37:00,0.0,,United Kingdom,False
360738,568302,20700,?,-121,2011-09-26 12:46:00,0.0,,United Kingdom,False
361736,568371,22687,,-41,2011-09-26 16:48:00,0.0,,United Kingdom,False
361737,568372,90082D,,-19,2011-09-26 16:54:00,0.0,,United Kingdom,False
362026,568401,21394,damages,-35,2011-09-27 10:30:00,0.0,,United Kingdom,False
362041,568403,84905,,-3,2011-09-27 10:35:00,0.0,,United Kingdom,False
362042,568404,22497,,-17,2011-09-27 10:36:00,0.0,,United Kingdom,False
362043,568405,22893,,-42,2011-09-27 10:36:00,0.0,,United Kingdom,False
362044,568406,18094C,,-67,2011-09-27 10:37:00,0.0,,United Kingdom,False
362045,568407,84660A,,-8,2011-09-27 10:38:00,0.0,,United Kingdom,False
362365,568442,37327,damages,-131,2011-09-27 11:31:00,0.0,,United Kingdom,False
363132,568543,84920,,-21,2011-09-27 14:33:00,0.0,,United Kingdom,False
363134,568545,22548,,-70,2011-09-27 14:34:00,0.0,,United Kingdom,False
363135,568546,22409,,-20,2011-09-27 14:35:00,0.0,,United Kingdom,False
366477,568724,84816,damages,-21,2011-09-28 16:27:00,0.0,,United Kingdom,False
366478,568725,79000,,-209,2011-09-28 16:28:00,0.0,,United Kingdom,False
369778,569098,21098,damages?,-231,2011-09-30 12:09:00,0.0,,United Kingdom,False
369802,569102,21098,,-129,2011-09-30 12:25:00,0.0,,United Kingdom,False
369983,569121,21244,,-38,2011-09-30 13:03:00,0.0,,United Kingdom,False
370191,569131,22927,damaged,-5,2011-09-30 13:49:00,0.0,,United Kingdom,False
373013,569256,20774,damaged,-14,2011-10-03 11:15:00,0.0,,United Kingdom,False
373600,569335,84660A,damaged,-15,2011-10-03 13:57:00,0.0,,United Kingdom,False
373660,569341,82600,historic computer difference?....se,-458,2011-10-03 14:19:00,0.0,,United Kingdom,False
373677,569347,85086A,,-6,2011-10-03 14:38:00,0.0,,United Kingdom,False
374536,569376,85106,,-9,2011-10-03 16:29:00,0.0,,United Kingdom,False
374537,569377,22784,,-14,2011-10-03 16:30:00,0.0,,United Kingdom,False
374538,569378,72799F,,-5,2011-10-03 16:31:00,0.0,,United Kingdom,False
374539,569379,16015,,-69,2011-10-03 16:33:00,0.0,,United Kingdom,False
374540,569380,21809,,-140,2011-10-03 16:40:00,0.0,,United Kingdom,False
374640,569391,84625C,,-32,2011-10-03 17:13:00,0.0,,United Kingdom,False
374641,569392,47504K,,-275,2011-10-03 17:15:00,0.0,,United Kingdom,False
374642,569393,23152,,-23,2011-10-03 17:15:00,0.0,,United Kingdom,False
374643,569394,21163,,-70,2011-10-03 17:16:00,0.0,,United Kingdom,False
375427,569464,23268,Incorrect stock entry.,-1440,2011-10-04 11:40:00,0.0,,United Kingdom,False
375428,569465,23269,incorrect stock entry.,-1440,2011-10-04 11:41:00,0.0,,United Kingdom,False
375429,569466,23270,incorrect stock entry.,-2880,2011-10-04 11:42:00,0.0,,United Kingdom,False
380508,569817,21870,,-26,2011-10-06 12:09:00,0.0,,United Kingdom,False
380688,569831,20713,wrongly coded-23343,-800,2011-10-06 12:38:00,0.0,,United Kingdom,False
381306,569854,35954,counted,-430,2011-10-06 14:26:00,0.0,,United Kingdom,False
381307,569855,23412,?,-30,2011-10-06 14:27:00,0.0,,United Kingdom,False
381675,569874,90180A,stock check,-32,2011-10-06 15:06:00,0.0,,United Kingdom,False
381676,569875,90195A,check,-45,2011-10-06 15:07:00,0.0,,United Kingdom,False
381677,569876,90210D,check,-28,2011-10-06 15:08:00,0.0,,United Kingdom,False
381678,569877,90210C,,-10,2011-10-06 15:09:00,0.0,,United Kingdom,False
381679,569878,90057,crushed boxes,-380,2011-10-06 15:12:00,0.0,,United Kingdom,False
381680,569879,90012B,check,-5,2011-10-06 15:13:00,0.0,,United Kingdom,False
381681,569880,90012A,stock check,-18,2011-10-06 15:14:00,0.0,,United Kingdom,False
381682,569881,90014C,,-8,2011-10-06 15:14:00,0.0,,United Kingdom,False
381683,569882,90014B,,-1,2011-10-06 15:15:00,0.0,,United Kingdom,False
381684,569883,90014A,check,-12,2011-10-06 15:16:00,0.0,,United Kingdom,False
381685,569884,90164B,,-14,2011-10-06 15:16:00,0.0,,United Kingdom,False
381686,569885,90164A,,-15,2011-10-06 15:17:00,0.0,,United Kingdom,False
381687,569886,90191,??,-60,2011-10-06 15:24:00,0.0,,United Kingdom,False
383321,570013,21395,,-38,2011-10-07 09:55:00,0.0,,United Kingdom,False
384187,570110,22570,?,-74,2011-10-07 12:27:00,0.0,,United Kingdom,False
384222,570112,22569,?,-84,2011-10-07 12:29:00,0.0,,United Kingdom,False
384867,570185,21090,WET/MOULDY,-192,2011-10-07 14:56:00,0.0,,United Kingdom,False
385339,570193,22449,can't find,-125,2011-10-07 15:32:00,0.0,,United Kingdom,False
387137,570259,22336,,-114,2011-10-10 09:59:00,0.0,,United Kingdom,False
387138,570260,35933,,-34,2011-10-10 10:00:00,0.0,,United Kingdom,False
387140,570262,35954,,-80,2011-10-10 10:00:00,0.0,,United Kingdom,False
387142,570264,21288,,-22,2011-10-10 10:03:00,0.0,,United Kingdom,False
387525,570294,84249A,damaged,-25,2011-10-10 12:00:00,0.0,,United Kingdom,False
387849,570403,47574A,check,-61,2011-10-10 12:45:00,0.0,,United Kingdom,False
388479,570440,21424,damages,-40,2011-10-10 14:31:00,0.0,,United Kingdom,False
390718,570595,21823,check,-94,2011-10-11 11:47:00,0.0,,United Kingdom,False
390719,570596,21803,check,-38,2011-10-11 11:48:00,0.0,,United Kingdom,False
390852,570599,84596G,??,-365,2011-10-11 12:00:00,0.0,,United Kingdom,False
392446,570691,85231G,check,-110,2011-10-11 16:44:00,0.0,,United Kingdom,False
392674,570711,21622,damages,-45,2011-10-12 10:14:00,0.0,,United Kingdom,False
392675,570712,22121,?,-90,2011-10-12 10:15:00,0.0,,United Kingdom,False
394643,570873,23322,mouldy,-40,2011-10-12 16:41:00,0.0,,United Kingdom,False
394644,570874,23020,smashed,-4,2011-10-12 16:42:00,0.0,,United Kingdom,False
395149,571010,22848,,-16,2011-10-13 12:13:00,0.0,,United Kingdom,False
395150,571011,21078,,-207,2011-10-13 12:13:00,0.0,,United Kingdom,False
395151,571012,21402,,-147,2011-10-13 12:15:00,0.0,,United Kingdom,False
395152,571013,23306,,-104,2011-10-13 12:16:00,0.0,,United Kingdom,False
395168,571024,22812,?,-270,2011-10-13 12:18:00,0.0,,United Kingdom,False
395172,571027,72816,,-36,2011-10-13 12:19:00,0.0,,United Kingdom,False
395564,571037,20669,,-25,2011-10-13 12:58:00,0.0,,United Kingdom,False
397022,571112,22637,damages,-65,2011-10-13 17:36:00,0.0,,United Kingdom,False
397023,571113,21407,,-19,2011-10-13 17:37:00,0.0,,United Kingdom,False
397024,571114,23159,,-99,2011-10-13 17:40:00,0.0,,United Kingdom,False
397025,571115,82567,,-73,2011-10-13 17:40:00,0.0,,United Kingdom,False
397026,571116,23131,?,-49,2011-10-13 17:46:00,0.0,,United Kingdom,False
397212,571124,72802A,Wet pallet-thrown away,-306,2011-10-14 09:36:00,0.0,,United Kingdom,False
397225,571126,72802A,?,-50,2011-10-14 09:53:00,0.0,,United Kingdom,False
397247,571130,72802C,check,-37,2011-10-14 10:05:00,0.0,,United Kingdom,False
397248,571131,72802B,check,-51,2011-10-14 10:13:00,0.0,,United Kingdom,False
398625,571254,23427,damaged,-2,2011-10-14 17:07:00,0.0,,United Kingdom,False
401995,571458,21761,damaged,-2,2011-10-17 14:02:00,0.0,,United Kingdom,False
401996,571459,20839,damages,-80,2011-10-17 14:03:00,0.0,,United Kingdom,False
404757,571686,22149,damages,-40,2011-10-18 14:22:00,0.0,,United Kingdom,False
404758,571687,22149,check,-46,2011-10-18 14:23:00,0.0,,United Kingdom,False
404760,571689,85135B,,-27,2011-10-18 14:28:00,0.0,,United Kingdom,False
405972,571723,85211,,-1,2011-10-18 17:30:00,0.0,,United Kingdom,False
407938,571915,21627,check,-32,2011-10-19 15:34:00,0.0,,United Kingdom,False
414124,572341,85036A,,-82,2011-10-24 10:36:00,0.0,,United Kingdom,False
414583,572468,72803A,damages,-160,2011-10-24 13:30:00,0.0,,United Kingdom,False
414724,572477,20665,adjustment,-15,2011-10-24 13:39:00,0.0,,United Kingdom,False
414729,572480,22049,damaged,-100,2011-10-24 13:44:00,0.0,,United Kingdom,False
415115,572514,20774,,-4,2011-10-24 14:36:00,0.0,,United Kingdom,False
415121,572516,22336,damaged,-71,2011-10-24 14:45:00,0.0,,United Kingdom,False
415236,572527,20984,damaged,-46,2011-10-24 15:35:00,0.0,,United Kingdom,False
415315,572533,84877D,,-1,2011-10-24 16:06:00,0.0,,United Kingdom,False
415316,572534,35597D,,-2,2011-10-24 16:07:00,0.0,,United Kingdom,False
415318,572536,21294,,-8,2011-10-24 16:08:00,0.0,,United Kingdom,False
415540,572543,22570,,-32,2011-10-24 16:24:00,0.0,,United Kingdom,False
415583,572548,23343,20713 wrongly marked,-200,2011-10-24 17:01:00,0.0,,United Kingdom,False
416748,572557,22427,damages,-29,2011-10-24 17:44:00,0.0,,United Kingdom,False
416901,572564,40016,,-108,2011-10-25 09:56:00,0.0,,United Kingdom,False
417108,572615,23595,re-adjustment,-5,2011-10-25 11:39:00,0.0,,United Kingdom,False
418063,572684,23029,damages,-20,2011-10-25 14:00:00,0.0,,United Kingdom,False
418064,572685,23032,damages,-60,2011-10-25 14:01:00,0.0,,United Kingdom,False
418065,572686,23118,Breakages,-30,2011-10-25 14:03:00,0.0,,United Kingdom,False
418066,572687,20840,damages,-30,2011-10-25 14:05:00,0.0,,United Kingdom,False
418091,572689,84969,check,-50,2011-10-25 14:13:00,0.0,,United Kingdom,False
418092,572690,21539,damages?,-111,2011-10-25 14:14:00,0.0,,United Kingdom,False
418093,572691,22426,check,-15,2011-10-25 14:15:00,0.0,,United Kingdom,False
418094,572692,21071,check,-82,2011-10-25 14:16:00,0.0,,United Kingdom,False
418095,572693,35810A,check,-78,2011-10-25 14:20:00,0.0,,United Kingdom,False
418127,572699,72818,,-48,2011-10-25 14:26:00,0.0,,United Kingdom,False
418129,572701,85078,missing,-840,2011-10-25 14:31:00,0.0,,United Kingdom,False
418130,572702,37479P,??,-184,2011-10-25 14:33:00,0.0,,United Kingdom,False
418839,572748,21824,check,-103,2011-10-25 16:50:00,0.0,,United Kingdom,False
418840,572749,22572,??,-335,2011-10-25 16:52:00,0.0,,United Kingdom,False
419240,572759,37468,,-2,2011-10-25 18:45:00,0.0,,United Kingdom,False
420391,572891,23343,20713,-400,2011-10-26 14:14:00,0.0,,United Kingdom,False
420625,572898,22180,,-15,2011-10-26 14:50:00,0.0,,United Kingdom,False
421092,572919,72802C,check,-17,2011-10-26 16:49:00,0.0,,United Kingdom,False
421521,572996,23462,damages,-34,2011-10-27 11:22:00,0.0,,United Kingdom,False
422751,573115,23343,wrongly coded 20713,-1000,2011-10-27 15:37:00,0.0,,United Kingdom,False
422811,573118,85032D,damaged,-1,2011-10-27 16:19:00,0.0,,United Kingdom,False
422821,573120,72816,,-1,2011-10-27 16:21:00,0.0,,United Kingdom,False
424303,573254,85135C,Damages,-49,2011-10-28 12:18:00,0.0,,United Kingdom,False
424306,573258,85136C,damages,-36,2011-10-28 12:19:00,0.0,,United Kingdom,False
424308,573259,85136A,damages,-77,2011-10-28 12:20:00,0.0,,United Kingdom,False
425350,573317,21804,,-84,2011-10-28 18:09:00,0.0,,United Kingdom,False
425351,573318,84944,,-47,2011-10-28 18:11:00,0.0,,United Kingdom,False
428475,573463,17012B,check,-70,2011-10-31 10:56:00,0.0,,United Kingdom,False
428523,573482,21181,check,-54,2011-10-31 11:20:00,0.0,,United Kingdom,False
428616,573487,23400,check,-19,2011-10-31 11:46:00,0.0,,United Kingdom,False
428618,573489,85035B,check,-36,2011-10-31 11:48:00,0.0,,United Kingdom,False
428619,573490,85035A,CHECK,-59,2011-10-31 11:55:00,0.0,,United Kingdom,False
428620,573491,21618,CHECK,-54,2011-10-31 11:56:00,0.0,,United Kingdom,False
428659,573493,21619,check,-94,2011-10-31 11:57:00,0.0,,United Kingdom,False
428660,573494,47503H,check,-24,2011-10-31 11:57:00,0.0,,United Kingdom,False
428764,573497,21642,check,-138,2011-10-31 12:00:00,0.0,,United Kingdom,False
428765,573498,21636,check,-22,2011-10-31 12:00:00,0.0,,United Kingdom,False
428766,573499,21192,check,-164,2011-10-31 12:01:00,0.0,,United Kingdom,False
428881,573503,22595,check,-80,2011-10-31 12:03:00,0.0,,United Kingdom,False
428890,573505,85208,check,-22,2011-10-31 12:09:00,0.0,,United Kingdom,False
429185,573547,84818,damages,-70,2011-10-31 13:21:00,0.0,,United Kingdom,False
431375,573590,79323G,"Unsaleable, destroyed.",-657,2011-10-31 15:15:00,0.0,,United Kingdom,False
431376,573591,79323B,"Unsaleable, destroyed.",-1671,2011-10-31 15:15:00,0.0,,United Kingdom,False
431377,573592,79323GR,"Unsaleable, destroyed.",-1158,2011-10-31 15:16:00,0.0,,United Kingdom,False
431378,573593,79323LP,"Unsaleable, destroyed.",-2618,2011-10-31 15:16:00,0.0,,United Kingdom,False
431379,573594,79323P,"Unsaleable, destroyed.",-2003,2011-10-31 15:16:00,0.0,,United Kingdom,False
431380,573595,79323S,"Unsaleable, destroyed.",-674,2011-10-31 15:17:00,0.0,,United Kingdom,False
431381,573596,79323W,"Unsaleable, destroyed.",-4830,2011-10-31 15:17:00,0.0,,United Kingdom,False
431382,573597,79341,"Unsaleable, destroyed.",-905,2011-10-31 15:18:00,0.0,,United Kingdom,False
431383,573598,79342B,"Unsaleable, destroyed.",-1128,2011-10-31 15:18:00,0.0,,United Kingdom,False
431658,573670,22176,check,-28,2011-10-31 17:02:00,0.0,,United Kingdom,False
431659,573672,22522,check,-126,2011-10-31 17:04:00,0.0,,United Kingdom,False
431671,573726,72817,check,-67,2011-10-31 17:18:00,0.0,,United Kingdom,False
431672,573734,72818,check,-26,2011-10-31 17:19:00,0.0,,United Kingdom,False
431799,573752,46000S,dotcom sales,-90,2011-11-01 09:34:00,0.0,,United Kingdom,False
432117,573815,20902,check,-3,2011-11-01 11:31:00,0.0,,United Kingdom,False
432118,573816,20898,check,-10,2011-11-01 11:32:00,0.0,,United Kingdom,False
433457,573919,21352,check,-23,2011-11-01 17:39:00,0.0,,United Kingdom,False
436247,574094,22147,check,-80,2011-11-03 09:46:00,0.0,,United Kingdom,False
436421,574123,22652,check,-111,2011-11-03 10:55:00,0.0,,United Kingdom,False
436593,574171,21818,check,-130,2011-11-03 11:45:00,0.0,,United Kingdom,False
436594,574173,35923,check,-42,2011-11-03 11:46:00,0.0,,United Kingdom,False
436598,574176,85054,check,-39,2011-11-03 11:48:00,0.0,,United Kingdom,False
436631,574198,21159,damaged,-40,2011-11-03 12:00:00,0.0,,United Kingdom,False
436998,574257,72818,,-3,2011-11-03 13:46:00,0.0,,United Kingdom,False
440202,574516,22162,,-24,2011-11-04 13:38:00,0.0,,United Kingdom,False
440212,574520,21181,,-6,2011-11-04 13:44:00,0.0,,United Kingdom,False
441505,574577,21519,check,-80,2011-11-04 17:09:00,0.0,,United Kingdom,False
441506,574578,40001,check,-240,2011-11-04 17:09:00,0.0,,United Kingdom,False
441507,574579,72802B,check,-203,2011-11-04 17:14:00,0.0,,United Kingdom,False
441508,574580,20751,check,-35,2011-11-04 17:44:00,0.0,,United Kingdom,False
441509,574581,23187,check,-62,2011-11-04 17:45:00,0.0,,United Kingdom,False
441510,574582,84279P,check,-104,2011-11-04 17:46:00,0.0,,United Kingdom,False
441511,574583,22892,check,-62,2011-11-04 17:46:00,0.0,,United Kingdom,False
445107,574757,72802C,damages,-54,2011-11-07 10:08:00,0.0,,United Kingdom,False
445127,574816,85036C,damages wax,-1560,2011-11-07 10:37:00,0.0,,United Kingdom,False
445128,574822,85036B,damages wax,-1284,2011-11-07 10:38:00,0.0,,United Kingdom,False
446551,574905,85017B,,-22,2011-11-07 15:28:00,0.0,,United Kingdom,False
446552,574906,85034A,damaged,-81,2011-11-07 15:30:00,0.0,,United Kingdom,False
448316,575048,84665,water damaged,-15,2011-11-08 12:12:00,0.0,,United Kingdom,False
451849,575287,84508A,check,-39,2011-11-09 12:15:00,0.0,,United Kingdom,False
452781,575386,20977,,-16,2011-11-09 15:22:00,0.0,,United Kingdom,False
453963,575503,35933,,-2,2011-11-10 10:19:00,0.0,,United Kingdom,False
455405,575613,23118,check,-6,2011-11-10 12:47:00,0.0,,United Kingdom,False
455406,575614,22121,check,-10,2011-11-10 12:48:00,0.0,,United Kingdom,False
455407,575615,82582,??,-130,2011-11-10 12:51:00,0.0,,United Kingdom,False
455410,575617,21014,check,-90,2011-11-10 12:53:00,0.0,,United Kingdom,False
455512,575625,35972,check,-3,2011-11-10 13:20:00,0.0,,United Kingdom,False
456646,575704,21843,smashed,-63,2011-11-10 17:00:00,0.0,,United Kingdom,False
456793,575714,85125,check,-64,2011-11-10 17:55:00,0.0,,United Kingdom,False
456794,575715,72802B,check,-36,2011-11-10 17:58:00,0.0,,United Kingdom,False
456795,575716,72802C,check,-21,2011-11-10 18:00:00,0.0,,United Kingdom,False
456796,575717,85175,check,-42,2011-11-10 18:02:00,0.0,,United Kingdom,False
456829,575720,21817,check,-8,2011-11-10 18:09:00,0.0,,United Kingdom,False
456830,575721,22804,Wrongly mrked had 85123a in box,-256,2011-11-10 18:19:00,0.0,,United Kingdom,False
456831,575722,85123A,wrongly marked carton 22804,-256,2011-11-10 18:20:00,0.0,,United Kingdom,False
460357,575907,22268,check,-10,2011-11-11 15:52:00,0.0,,United Kingdom,False
460379,575909,20711,check,-220,2011-11-11 16:02:00,0.0,,United Kingdom,False
460398,575912,22943,check,-7,2011-11-11 16:20:00,0.0,,United Kingdom,False
464813,576185,22575,missing?,-130,2011-11-14 11:25:00,0.0,,United Kingdom,False
464972,576193,22827,,-8,2011-11-14 11:57:00,0.0,,United Kingdom,False
465697,576250,71279,damages,-74,2011-11-14 13:50:00,0.0,,United Kingdom,False
467818,576366,23072,damages,-50,2011-11-14 18:30:00,0.0,,United Kingdom,False
467819,576367,23071,damages,-65,2011-11-14 18:31:00,0.0,,United Kingdom,False
467820,576368,21135,wet rusty,-864,2011-11-14 18:33:00,0.0,,United Kingdom,False
467821,576369,21135,wet rusty,-288,2011-11-14 18:35:00,0.0,,United Kingdom,False
468278,576407,47590B,check,-57,2011-11-15 11:18:00,0.0,,United Kingdom,False
468279,576410,71038,check,-16,2011-11-15 11:20:00,0.0,,United Kingdom,False
468280,576411,85111,check,-117,2011-11-15 11:20:00,0.0,,United Kingdom,False
468298,576413,17012C,check,-22,2011-11-15 11:21:00,0.0,,United Kingdom,False
468300,576415,17012B,,-2,2011-11-15 11:22:00,0.0,,United Kingdom,False
468301,576419,85036B,check,-23,2011-11-15 11:23:00,0.0,,United Kingdom,False
468302,576424,85036C,check,-4,2011-11-15 11:24:00,0.0,,United Kingdom,False
468305,576436,22943,check,-26,2011-11-15 11:27:00,0.0,,United Kingdom,False
468448,576473,21868,,-108,2011-11-15 11:40:00,0.0,,United Kingdom,False
468999,576566,21830,,-186,2011-11-15 13:39:00,0.0,,United Kingdom,False
469027,576569,47504K,,-21,2011-11-15 13:45:00,0.0,,United Kingdom,False
469109,576578,22412,,-37,2011-11-15 14:05:00,0.0,,United Kingdom,False
469110,576580,22034,,-5,2011-11-15 14:15:00,0.0,,United Kingdom,False
472222,576674,21823,damaged,-6,2011-11-16 12:00:00,0.0,,United Kingdom,False
472839,576762,21744,check,-21,2011-11-16 13:08:00,0.0,,United Kingdom,False
472840,576763,23035,check,-64,2011-11-16 13:09:00,0.0,,United Kingdom,False
472841,576764,16008,check,-1510,2011-11-16 13:10:00,0.0,,United Kingdom,False
472842,576765,22219,???lost,-550,2011-11-16 13:11:00,0.0,,United Kingdom,False
472844,576767,22339,check,-60,2011-11-16 13:12:00,0.0,,United Kingdom,False
472927,576773,22181,check,-92,2011-11-16 13:21:00,0.0,,United Kingdom,False
472944,576776,21811,check,-240,2011-11-16 13:22:00,0.0,,United Kingdom,False
473440,576835,21618,,-2,2011-11-16 15:10:00,0.0,,United Kingdom,False
474060,576839,35818B,adjustment,-22,2011-11-16 15:21:00,0.0,,United Kingdom,False
474647,576843,10133,damaged,-82,2011-11-16 15:32:00,0.0,,United Kingdom,False
478924,577111,22587,check,-41,2011-11-17 17:55:00,0.0,,United Kingdom,False
478925,577112,22586,check,-30,2011-11-17 17:55:00,0.0,,United Kingdom,False
478926,577113,22271,check,-43,2011-11-17 17:58:00,0.0,,United Kingdom,False
478927,577114,21786,check,-209,2011-11-17 17:59:00,0.0,,United Kingdom,False
478928,577115,85035C,check,-24,2011-11-17 18:02:00,0.0,,United Kingdom,False
478929,577116,21165,check,-28,2011-11-17 18:04:00,0.0,,United Kingdom,False
478931,577118,22286,check,-47,2011-11-17 18:05:00,0.0,,United Kingdom,False
478932,577119,22778,check,-10,2011-11-17 18:08:00,0.0,,United Kingdom,False
478933,577120,20752,check,-10,2011-11-17 18:09:00,0.0,,United Kingdom,False
478966,577122,23348,sold with wrong barcode,-57,2011-11-17 18:33:00,0.0,,United Kingdom,False
478967,577123,23288,check,-63,2011-11-17 18:34:00,0.0,,United Kingdom,False
478968,577124,22759,check,-327,2011-11-17 18:41:00,0.0,,United Kingdom,False
480498,577304,20956,check,-152,2011-11-18 13:04:00,0.0,,United Kingdom,False
480499,577305,22946,check,-21,2011-11-18 13:06:00,0.0,,United Kingdom,False
480501,577307,16169E,check,-313,2011-11-18 13:06:00,0.0,,United Kingdom,False
487975,577787,23055,rusty thrown away,-398,2011-11-21 16:28:00,0.0,,United Kingdom,False
487976,577788,23056,rusty throw away,-210,2011-11-21 16:28:00,0.0,,United Kingdom,False
487977,577789,23057,rusty throw away,-280,2011-11-21 16:28:00,0.0,,United Kingdom,False
488575,577836,21888,check,-57,2011-11-22 10:26:00,0.0,,United Kingdom,False
489243,577999,21018,damaged,-63,2011-11-22 12:29:00,0.0,,United Kingdom,False
492198,578095,23397,damaged,-9,2011-11-22 17:25:00,0.0,,United Kingdom,False
492659,578145,22579,dotcom,-40,2011-11-23 11:07:00,0.0,,United Kingdom,False
493686,578245,22568,?? missing,-170,2011-11-23 12:37:00,0.0,,United Kingdom,False
495850,578327,72807A,wet pallet,-504,2011-11-23 17:55:00,0.0,,United Kingdom,False
495851,578328,72807B,wet pallet,-696,2011-11-23 17:55:00,0.0,,United Kingdom,False
495852,578329,72807C,wet pallet,-408,2011-11-23 17:56:00,0.0,,United Kingdom,False
497569,578426,23131,,-12,2011-11-24 12:03:00,0.0,,United Kingdom,False
497632,578431,22579,,-18,2011-11-24 12:15:00,0.0,,United Kingdom,False
497816,578473,72807B,damages,-101,2011-11-24 12:43:00,0.0,,United Kingdom,False
497817,578474,72807A,damages,-56,2011-11-24 12:44:00,0.0,,United Kingdom,False
497818,578475,72807C,damages,-149,2011-11-24 12:44:00,0.0,,United Kingdom,False
497819,578476,72807B,????missing,-124,2011-11-24 12:45:00,0.0,,United Kingdom,False
497820,578477,72807A,???missing,-224,2011-11-24 12:45:00,0.0,,United Kingdom,False
497821,578478,72807C,???missing,-428,2011-11-24 12:45:00,0.0,,United Kingdom,False
498580,578524,22810,check,-25,2011-11-24 14:20:00,0.0,,United Kingdom,False
498581,578525,22152,check,-179,2011-11-24 14:21:00,0.0,,United Kingdom,False
498595,578527,21819,check,-14,2011-11-24 14:24:00,0.0,,United Kingdom,False
498596,578528,22601,check,-20,2011-11-24 14:24:00,0.0,,United Kingdom,False
498597,578529,22087,,-23,2011-11-24 14:29:00,0.0,,United Kingdom,False
500145,578733,21643,damaged,-9,2011-11-25 11:32:00,0.0,,United Kingdom,False
500161,578738,21638,,-33,2011-11-25 11:33:00,0.0,,United Kingdom,False
502118,578837,35833P,check,-24,2011-11-25 15:51:00,0.0,,United Kingdom,False
502119,578838,21591,check,-267,2011-11-25 15:52:00,0.0,,United Kingdom,False
502120,578839,22959,check,-175,2011-11-25 15:52:00,0.0,,United Kingdom,False
502121,578840,22142,check,-70,2011-11-25 15:54:00,0.0,,United Kingdom,False
510117,579429,20711,lost in space,-98,2011-11-29 13:04:00,0.0,,United Kingdom,False
510622,579460,21110,,-151,2011-11-29 14:39:00,0.0,,United Kingdom,False
514181,579681,21615,check,-26,2011-11-30 13:33:00,0.0,,United Kingdom,False
514182,579682,85172,check,-145,2011-11-30 13:33:00,0.0,,United Kingdom,False
514183,579683,21868,check,-28,2011-11-30 13:35:00,0.0,,United Kingdom,False
514205,579688,21116,,-33,2011-11-30 13:51:00,0.0,,United Kingdom,False
514287,579691,47503A,,-5,2011-11-30 14:05:00,0.0,,United Kingdom,False
514646,579731,35648,check,-46,2011-11-30 14:23:00,0.0,,United Kingdom,False
514647,579732,35648,check,-10,2011-11-30 14:24:00,0.0,,United Kingdom,False
514648,579733,84581,check,-41,2011-11-30 14:24:00,0.0,,United Kingdom,False
514649,579734,84859C,wet?,-153,2011-11-30 14:25:00,0.0,,United Kingdom,False
514650,579735,21793,check,-40,2011-11-30 14:25:00,0.0,,United Kingdom,False
514735,579742,85204,lost??,-1131,2011-11-30 14:34:00,0.0,,United Kingdom,False
514736,579743,21810,check,-135,2011-11-30 14:36:00,0.0,,United Kingdom,False
514788,579745,22043,check,-40,2011-11-30 14:39:00,0.0,,United Kingdom,False
514981,579755,84912B,damaged,-14,2011-11-30 14:54:00,0.0,,United Kingdom,False
517719,580087,84341B,,-2,2011-12-01 14:27:00,0.0,,United Kingdom,False
519986,580218,22577,check,-300,2011-12-02 12:12:00,0.0,,United Kingdom,False
521333,580359,20775,,-35,2011-12-02 16:11:00,0.0,,United Kingdom,False
522158,580377,84609,damages,-29,2011-12-02 17:52:00,0.0,,United Kingdom,False
522159,580378,22792,damages,-73,2011-12-02 17:56:00,0.0,,United Kingdom,False
522160,580379,72225C,,-144,2011-12-02 17:57:00,0.0,,United Kingdom,False
522161,580380,21620,check,-20,2011-12-02 17:58:00,0.0,,United Kingdom,False
522162,580381,21758,,-9,2011-12-02 17:58:00,0.0,,United Kingdom,False
522163,580382,16045,check,-900,2011-12-02 17:59:00,0.0,,United Kingdom,False
522164,580383,20652,check,-37,2011-12-02 17:59:00,0.0,,United Kingdom,False
524369,580546,23406,CHECK,-21,2011-12-05 09:27:00,0.0,,United Kingdom,False
524370,580547,21201,???,-390,2011-12-05 09:29:00,0.0,,United Kingdom,False
524472,580561,22043,dotcom,-9,2011-12-05 10:25:00,0.0,,United Kingdom,False
532723,580990,21109,wet,-48,2011-12-06 16:54:00,0.0,,United Kingdom,False
532724,580991,22481,wet boxes,-288,2011-12-06 16:55:00,0.0,,United Kingdom,False
535134,581190,84801A,check,-102,2011-12-07 16:55:00,0.0,,United Kingdom,False
535321,581198,22025,check,-30,2011-12-07 18:26:00,0.0,,United Kingdom,False
535322,581199,84581,,-2,2011-12-07 18:26:00,0.0,,United Kingdom,False
535323,581200,84508C,check,-21,2011-12-07 18:27:00,0.0,,United Kingdom,False
535324,581201,22217,damages?,-155,2011-12-07 18:30:00,0.0,,United Kingdom,False
535327,581204,85104,????damages????,-355,2011-12-07 18:32:00,0.0,,United Kingdom,False
535328,581205,20893,damages,-55,2011-12-07 18:32:00,0.0,,United Kingdom,False
535329,581206,21693,mixed up,-87,2011-12-07 18:34:00,0.0,,United Kingdom,False
535330,581207,21688,mixed up,-337,2011-12-07 18:34:00,0.0,,United Kingdom,False
535331,581208,72801C,check,-10,2011-12-07 18:35:00,0.0,,United Kingdom,False
535333,581210,23395,check,-26,2011-12-07 18:36:00,0.0,,United Kingdom,False
535335,581212,22578,lost,-1050,2011-12-07 18:38:00,0.0,,United Kingdom,False
535336,581213,22576,check,-30,2011-12-07 18:38:00,0.0,,United Kingdom,False
536908,581226,23090,missing,-338,2011-12-08 09:56:00,0.0,,United Kingdom,False
538919,581422,23169,smashed,-235,2011-12-08 15:24:00,0.0,,United Kingdom,False
