Month,Day,Hour,TotalPrice
1,4,10,938.6800000000001
1,4,11,829.67
1,4,12,881.3000000000001
1,4,13,2344.0
1,4,14,1400.44
1,4,15,804.35
1,4,16,321.25
1,5,9,283.5
1,5,10,2519.71
1,5,11,5319.73
1,5,12,4218.7
1,5,13,1364.14
1,5,14,419.27
1,5,15,1251.84
1,5,16,1711.25
1,5,17,93.35000000000001
1,6,8,550.8
1,6,9,982.57
1,6,10,392.90000000000003
1,6,11,4055.5
1,6,12,4906.0
1,6,13,786.42
1,6,14,1826.95
1,6,15,4353.16
1,6,16,2388.55
1,6,17,358.27
1,6,18,684.56
1,7,9,2367.87
1,7,10,2740.81
1,7,11,1536.28
1,7,12,1762.17
1,7,13,2378.19
1,7,14,4565.35
1,7,15,678.25
1,7,16,368.6
1,7,17,49.45
1,9,10,866.9399999999999
1,9,11,2173.61
1,9,12,1161.73
1,9,13,677.45
1,9,14,1110.97
1,9,15,742.0
1,9,16,84.00000000000001
1,10,9,3528.34
1,10,10,387.79
1,10,11,997.17
1,10,12,713.9
1,10,13,406.35
1,10,14,3084.48
1,10,15,1020.4300000000001
1,10,16,1131.51
1,10,17,92.2
1,11,7,144.0
1,11,8,13051.6
1,11,9,1297.49
1,11,10,996.05
1,11,11,4175.360000000001
1,11,12,21668.17
1,11,13,1557.92
1,11,14,4902.11
1,11,15,524.02
1,11,16,48.0
1,12,9,2250.53
1,12,10,855.35
1,12,11,2043.02
1,12,12,915.96
1,12,13,1278.54
1,12,14,709.11
1,12,15,3230.27
1,12,16,593.26
1,13,9,1777.34
1,13,10,1209.96
1,13,11,655.35
1,13,12,1562.94
1,13,13,852.7499999999999
1,13,14,2633.89
1,13,15,1346.14
1,14,8,62.4
1,14,9,789.85
1,14,10,2243.5
1,14,11,487.95
1,14,12,6233.78
1,14,13,2260.93
1,14,14,14143.43
1,14,15,237.0
1,14,16,97.55
1,14,17,16.75
1,16,10,317.15
1,16,11,265.94
1,16,12,204.6
1,16,13,352.72
1,16,14,373.86
1,16,15,643.3
1,16,16,1153.63
1,17,10,488.7
1,17,11,2691.4700000000003
1,17,12,729.76
1,17,13,1721.82
1,17,14,671.33
1,17,15,1322.7
1,17,16,681.89
1,17,17,5350.67
1,18,8,508.7
1,18,9,2136.02
1,18,10,573.52
1,18,11,925.8000000000001
1,18,12,214.06
1,18,13,1219.91
1,18,14,1713.68
1,18,15,1425.25
1,18,16,788.74
1,18,17,883.13
1,19,8,15.0
1,19,9,1597.54
1,19,10,628.59
1,19,11,935.97
1,19,12,6317.71
1,19,13,371.28999999999996
1,19,14,999.87
1,19,15,1810.59
1,19,16,543.66
1,19,17,292.53
1,20,9,114.60000000000001
1,20,10,668.22
1,20,11,196.98
1,20,12,2440.52
1,20,13,373.95
1,20,14,555.9
1,20,15,1662.49
1,20,16,244.38000000000002
1,20,17,46.5
1,20,18,2694.62
1,20,19,114.99
1,21,9,287.31
1,21,10,238.92
1,21,11,5924.68
1,21,12,299.46
1,21,13,4706.96
1,21,14,1802.44
1,21,15,1813.6299999999999
1,21,16,44.95
1,21,17,2639.41
1,23,10,1014.4
1,23,11,199.15
1,23,12,833.28
1,23,13,686.71
1,23,14,245.64
1,23,15,531.4399999999999
1,23,16,2141.64
1,24,8,165.0
1,24,9,1660.82
1,24,10,1951.43
1,24,11,2842.76
1,24,12,1066.93
1,24,13,2389.25
1,24,14,1862.45
1,24,15,447.81
1,24,16,189.09
1,25,8,739.05
1,25,9,1037.58
1,25,10,2246.28
1,25,11,1935.22
1,25,12,2731.44
1,25,13,4563.44
1,25,14,1399.63
1,25,15,443.91999999999996
1,25,16,453.78
1,25,17,160.84
1,26,8,326.4
1,26,9,948.75
1,26,10,1012.55
1,26,11,1098.03
1,26,12,1689.79
1,26,13,1852.77
1,26,14,892.92
1,26,15,276.57
1,26,16,1394.43
1,26,17,441.29
1,27,8,112.94
1,27,9,368.6
1,27,10,2037.83
1,27,11,1894.56
1,27,12,1616.6200000000001
1,27,13,1479.72
1,27,14,1163.45
1,27,15,1746.76
1,27,16,662.35
1,27,17,325.2
1,27,18,177.28
1,27,19,69.1
1,28,9,1616.1
1,28,10,2114.62
1,28,11,556.2
1,28,12,2017.84
1,28,13,1837.69
1,28,14,1041.13
1,28,15,751.4
1,28,16,258.85
1,28,17,1.25
1,30,10,638.02
1,30,11,325.88
1,30,12,523.15
1,30,13,342.36
1,30,14,885.8100000000001
1,30,15,616.53
1,31,8,97.0
1,31,9,2797.55
1,31,10,1328.18
1,31,11,812.85
1,31,12,2418.65
1,31,13,1893.52
1,31,14,661.24
1,31,15,1246.83
1,31,16,424.0
2,1,8,488.25
2,1,9,735.25
2,1,10,4319.24
2,1,11,1254.47
2,1,12,1597.4
2,1,13,3680.89
2,1,14,633.4
2,1,15,1436.06
2,1,16,850.65
2,2,7,950.0
2,2,9,314.04
2,2,10,2026.1200000000001
2,2,11,1188.55
2,2,12,2435.62
2,2,13,1707.06
2,2,14,1067.21
2,2,15,480.57
2,2,16,58.300000000000004
2,2,17,332.47
2,3,8,203.4
2,3,9,132.35000000000002
2,3,10,1000.15
2,3,11,910.43
2,3,12,4707.97
2,3,13,1764.9
2,3,14,1186.66
2,3,15,298.95
2,3,17,282.8
2,3,18,168.45
2,3,19,224.95
2,4,8,599.82
2,4,9,1254.89
2,4,10,796.45
2,4,11,1406.54
2,4,12,1119.12
2,4,13,2853.82
2,4,14,1425.73
2,4,15,138.21
2,4,16,93.5
2,6,11,466.55
2,6,12,79.65
2,6,13,280.2
2,6,14,893.54
2,6,15,40.27
2,6,16,40.2
2,7,9,861.23
2,7,10,413.9
2,7,11,1373.1
2,7,12,898.6
2,7,13,787.74
2,7,14,1653.06
2,7,15,3230.79
2,7,16,122.33
2,8,9,907.9300000000001
2,8,10,2499.71
2,8,11,1314.02
2,8,12,3491.72
2,8,13,432.65
2,8,14,2021.1
2,8,15,1148.85
2,8,16,18.05
2,8,17,89.0
2,9,9,15.3
2,9,10,1022.95
2,9,11,2833.94
2,9,12,1426.92
2,9,13,1192.16
2,9,14,467.93
2,9,15,212.70000000000002
2,9,16,613.91
2,10,9,399.12
2,10,10,1506.41
2,10,11,759.15
2,10,12,1002.39
2,10,13,479.45
2,10,14,556.8
2,10,15,646.96
2,10,16,424.0
2,10,17,290.16
2,10,19,144.65
2,11,8,52.5
2,11,9,942.0
2,11,10,1766.3899999999999
2,11,11,2746.24
2,11,12,2769.59
2,11,13,342.1
2,11,14,327.34999999999997
2,11,15,741.85
2,11,16,80.55
2,11,17,13.719999999999999
2,13,10,173.55
2,13,11,482.53
2,13,12,513.62
2,13,13,176.70000000000002
2,13,14,204.95
2,13,15,747.16
2,13,16,264.48
2,14,9,7298.95
2,14,10,444.15
2,14,11,379.2
2,14,12,1868.66
2,14,13,169.67
2,14,14,843.35
2,14,15,1562.64
2,15,8,215.1
2,15,9,10819.17
2,15,10,1280.39
2,15,11,1532.5
2,15,12,885.24
2,15,13,877.26
2,15,14,2293.79
2,15,15,1213.97
2,15,16,25.25
2,15,17,607.97
2,16,8,180.0
2,16,9,1823.08
2,16,10,1830.16
2,16,11,1061.09
2,16,12,1870.48
2,16,13,1343.8
2,16,14,1356.1200000000001
2,16,15,932.75
2,16,16,499.33
2,17,8,772.86
2,17,9,181.5
2,17,10,2470.78
2,17,11,2296.4
2,17,12,3318.11
2,17,13,418.25
2,17,14,1452.17
2,17,15,791.22
2,17,16,153.5
2,17,17,267.0
2,17,19,69.1
2,18,8,633.75
2,18,9,784.1
2,18,10,1248.84
2,18,11,2901.8
2,18,12,1109.15
2,18,13,568.5
2,18,14,274.7
2,18,15,181.64000000000001
2,18,16,936.5799999999999
2,20,10,1213.61
2,20,11,89.97
2,20,12,598.68
2,20,13,1247.2
2,20,14,484.93
2,20,15,199.45
2,21,8,886.9300000000001
2,21,9,653.01
2,21,10,12882.7
2,21,11,830.1800000000001
2,21,12,1002.73
2,21,13,744.88
2,21,14,82.28999999999999
2,21,15,709.65
2,21,16,1.95
2,21,17,250.9
2,21,18,1078.3899999999999
2,22,8,63.6
2,22,9,1270.19
2,22,10,3592.8700000000003
2,22,11,1764.61
2,22,12,1369.07
2,22,13,1658.09
2,22,14,398.85
2,22,15,4228.63
2,22,16,1845.82
2,22,17,370.15
2,23,8,1184.2
2,23,9,1046.11
2,23,10,991.0
2,23,11,3316.18
2,23,12,2124.14
2,23,13,1080.11
2,23,14,322.88
2,23,15,1226.96
2,23,16,776.3
2,23,17,17.89
2,24,9,1602.45
2,24,10,1210.25
2,24,11,570.73
2,24,12,740.3100000000001
2,24,13,429.33000000000004
2,24,14,2156.09
2,24,15,656.63
2,24,16,925.25
2,24,17,316.2
2,24,18,1733.35
2,25,8,417.11
2,25,9,315.45
2,25,10,1684.4
2,25,11,1154.6100000000001
2,25,12,984.48
2,25,13,1062.34
2,25,14,1889.23
2,25,15,984.07
2,25,16,1887.1499999999999
2,25,17,374.25
2,27,10,1399.55
2,27,11,861.3100000000001
2,27,12,934.1800000000001
2,27,13,429.49
2,27,14,346.27
2,27,15,321.25
2,28,8,300.86
2,28,9,667.79
2,28,10,1358.44
2,28,11,1485.79
2,28,12,874.72
2,28,13,895.55
2,28,14,356.9
2,28,15,835.17
2,28,16,1722.6499999999999
2,28,17,349.71
3,1,8,497.90000000000003
3,1,9,2472.95
3,1,10,960.57
3,1,11,1287.8
3,1,12,1436.39
3,1,13,446.08
3,1,14,3341.02
3,1,15,384.15
3,1,16,738.23
3,1,17,255.91
3,2,8,1174.95
3,2,9,2110.3
3,2,10,76.32000000000001
3,2,11,482.42
3,2,12,2583.0
3,2,13,727.6
3,2,14,1233.3
3,2,15,95.95
3,2,16,1002.5600000000001
3,2,17,316.4
3,3,8,734.6
3,3,9,970.64
3,3,10,7996.42
3,3,11,518.28
3,3,12,1307.72
3,3,13,947.85
3,3,14,821.65
3,3,15,458.62
3,3,16,1250.24
3,3,18,393.65
3,3,19,155.65
3,4,8,533.3
3,4,9,2447.06
3,4,10,1054.59
3,4,11,181.51000000000002
3,4,12,806.13
3,4,13,890.53
3,4,14,1177.01
3,4,15,222.9
3,4,16,469.88
3,4,17,141.8
3,6,10,509.31
3,6,11,938.85
3,6,12,1185.35
3,6,14,1003.04
3,6,15,1441.4
3,6,16,7.95
3,7,8,26.25
3,7,9,690.59
3,7,10,5298.03
3,7,11,1737.17
3,7,12,1080.71
3,7,13,1482.85
3,7,14,3408.6
3,7,15,47.85
3,7,16,192.85000000000002
3,7,17,2016.1
3,8,8,162.56
3,8,9,1012.82
3,8,10,476.0
3,8,11,3423.64
3,8,12,2132.1
3,8,13,1014.57
3,8,14,1639.33
3,8,15,1816.0
3,8,16,396.1
3,8,17,223.25
3,9,8,687.34
3,9,9,383.21000000000004
3,9,10,1373.05
3,9,11,1752.15
3,9,12,1452.15
3,9,13,1031.83
3,9,14,906.39
3,9,15,936.49
3,9,16,658.9399999999999
3,10,7,337.5
3,10,8,283.65
3,10,9,1109.2
3,10,10,1282.4
3,10,11,3349.25
3,10,12,1558.54
3,10,13,717.26
3,10,14,755.32
3,10,15,197.07
3,10,16,780.49
3,10,17,4.95
3,10,18,16.95
3,10,19,97.39
3,11,8,292.45
3,11,9,835.8
3,11,10,482.95
3,11,11,1260.88
3,11,12,1125.5
3,11,13,3171.69
3,11,14,760.33
3,11,15,459.6
3,11,16,1529.31
3,13,10,570.78
3,13,11,343.66
3,13,12,116.59
3,13,13,131.35
3,13,14,93.89000000000001
3,13,15,146.25
3,14,8,505.45
3,14,9,2226.91
3,14,10,777.69
3,14,11,862.22
3,14,12,1883.58
3,14,13,4133.66
3,14,14,502.55
3,14,15,848.42
3,14,16,122.71
3,15,8,137.95000000000002
3,15,9,454.15
3,15,10,1398.4099999999999
3,15,11,407.05
3,15,12,787.47
3,15,13,553.13
3,15,14,3785.39
3,15,15,1069.97
3,15,16,229.85
3,16,8,215.55
3,16,9,1071.55
3,16,10,855.3199999999999
3,16,11,1321.86
3,16,12,1786.2
3,16,13,814.35
3,16,14,1541.47
3,16,15,369.25
3,16,16,231.5
3,16,17,14.850000000000001
3,17,7,1921.7999999999997
3,17,9,1095.1
3,17,10,10449.58
3,17,12,1029.39
3,17,13,640.83
3,17,14,504.38
3,17,15,482.85
3,17,16,987.49
3,17,17,260.2
3,17,18,4176.29
3,17,19,138.55
3,17,20,320.64
3,18,8,331.65000000000003
3,18,9,1267.58
3,18,10,1390.2
3,18,11,378.66
3,18,12,4028.71
3,18,13,2945.6
3,18,14,716.8299999999999
3,18,15,154.3
3,18,16,9.95
3,18,17,162.25
3,20,10,2541.44
3,20,11,1670.79
3,20,12,814.91
3,20,13,2816.63
3,20,14,1045.45
3,20,15,724.98
3,20,16,241.85
3,21,8,706.37
3,21,9,277.75
3,21,10,1826.21
3,21,11,964.85
3,21,12,1537.96
3,21,13,698.6600000000001
3,21,14,1725.81
3,21,15,497.78999999999996
3,21,16,201.13
3,21,17,30.0
3,22,8,242.4
3,22,9,2560.58
3,22,10,362.75
3,22,11,633.35
3,22,12,3582.83
3,22,13,951.98
3,22,14,717.28
3,22,15,1849.63
3,22,16,3336.94
3,22,17,51.2
3,23,8,99.30000000000001
3,23,9,744.85
3,23,10,2130.35
3,23,11,450.25
3,23,12,1183.79
3,23,13,2096.11
3,23,14,2397.27
3,23,15,2663.74
3,23,16,127.7
3,24,8,764.0
3,24,9,1225.75
3,24,10,626.63
3,24,11,1117.48
3,24,12,1702.19
3,24,13,1808.4
3,24,14,931.4
3,24,15,194.20000000000002
3,24,16,240.35
3,24,17,354.3
3,24,18,4884.2
3,24,19,104.05
3,25,8,332.1
3,25,10,1509.13
3,25,11,958.93
3,25,12,4270.87
3,25,13,385.45
3,25,14,2922.72
3,25,15,1019.9499999999999
3,25,16,2987.12
3,25,17,78.65
3,27,10,1344.35
3,27,11,779.52
3,27,12,621.9399999999999
3,27,13,480.23
3,27,14,313.73
3,27,15,737.92
3,27,16,269.5
3,28,7,153.60999999999999
3,28,8,140.3
3,28,9,929.75
3,28,10,947.47
3,28,11,939.8
3,28,12,1301.71
3,28,13,735.95
3,28,14,834.7
3,28,15,4152.97
3,28,16,969.45
3,29,8,292.95
3,29,9,788.25
3,29,10,729.34
3,29,11,14388.23
3,29,12,803.0
3,29,13,8624.5
3,29,14,1065.88
3,29,15,1899.59
3,29,16,9546.730000000001
3,29,17,182.69
3,30,9,2162.41
3,30,10,3106.52
3,30,11,1971.74
3,30,12,1757.19
3,30,13,1003.51
3,30,14,548.74
3,30,15,2056.71
3,30,16,856.97
3,30,17,221.25
3,31,9,1708.44
3,31,10,1501.57
3,31,11,1459.29
3,31,12,869.11
3,31,13,4386.63
3,31,14,2028.2
3,31,15,244.99
3,31,16,2731.86
3,31,17,2338.3999999999996
3,31,18,288.19
3,31,19,482.41
4,1,8,367.25
4,1,9,616.53
4,1,10,1698.22
4,1,11,1028.98
4,1,12,637.86
4,1,13,2147.01
4,1,14,1456.08
4,1,15,135.35999999999999
4,1,16,444.44
4,1,17,9.9
4,3,10,659.9
4,3,11,599.51
4,3,12,396.2
4,3,13,107.1
4,3,14,381.75
4,3,15,388.32
4,4,8,196.85000000000002
4,4,9,693.88
4,4,10,3029.19
4,4,11,750.22
4,4,12,3550.34
4,4,13,1435.95
4,4,14,578.6800000000001
4,4,15,1050.33
4,4,16,1659.03
4,5,8,674.81
4,5,9,348.45
4,5,10,1639.31
4,5,11,2944.17
4,5,12,1725.59
4,5,13,2342.24
4,5,14,273.85
4,5,15,642.61
4,5,16,600.27
4,5,17,15.3
4,6,9,250.15
4,6,10,871.4200000000001
4,6,11,2468.66
4,6,12,1583.08
4,6,13,800.35
4,6,14,961.96
4,6,15,645.85
4,6,16,94.5
4,6,17,598.37
4,7,8,10.100000000000001
4,7,9,360.76
4,7,10,1368.65
4,7,11,1034.07
4,7,12,1915.8
4,7,13,1945.9
4,7,18,161.86
4,7,19,832.73
4,8,7,181.9
4,8,8,1337.64
4,8,9,1318.64
4,8,10,896.12
4,8,11,997.07
4,8,12,2103.26
4,8,13,375.58
4,8,14,407.8
4,8,15,1557.69
4,8,17,53.99
4,10,10,278.69999999999993
4,10,11,1699.83
4,10,12,486.59
4,10,13,347.07
4,10,14,163.45
4,10,15,1392.29
4,10,16,312.74
4,11,8,899.9300000000001
4,11,9,399.25
4,11,10,2614.85
4,11,11,740.64
4,11,12,495.43
4,11,13,890.57
4,11,14,705.61
4,11,15,294.18
4,11,16,803.63
4,11,17,210.55
4,12,8,253.2
4,12,9,919.34
4,12,10,3800.27
4,12,11,733.84
4,12,12,907.0
4,12,13,2301.35
4,12,14,575.54
4,12,15,942.14
4,12,16,1212.04
4,12,17,12.4
4,13,8,63.96
4,13,9,555.29
4,13,10,2543.54
4,13,11,1535.1200000000001
4,13,12,829.71
4,13,13,1414.1
4,13,14,1704.93
4,13,15,1452.37
4,13,16,190.4
4,13,17,105.1
4,14,8,2150.2
4,14,9,1268.24
4,14,10,1587.58
4,14,11,2042.3500000000001
4,14,12,1983.25
4,14,13,2453.89
4,14,14,823.15
4,14,15,1046.08
4,14,16,1181.34
4,14,17,1096.29
4,14,18,788.1
4,14,19,257.91
4,15,8,131.42000000000002
4,15,9,1061.79
4,15,10,4210.5199999999995
4,15,11,445.83
4,15,12,848.2
4,15,13,2469.03
4,15,14,882.1
4,15,15,216.27
4,15,16,1565.09
4,17,10,1075.3
4,17,11,730.53
4,17,12,567.84
4,17,13,1027.6200000000001
4,17,14,529.53
4,17,15,597.4
4,18,9,1603.3600000000001
4,18,10,837.61
4,18,11,650.67
4,18,12,1336.68
4,18,13,42461.880000000005
4,18,14,1709.3
4,18,15,2044.1
4,18,16,420.46999999999997
4,18,17,29.1
4,19,8,464.98
4,19,9,626.5
4,19,10,1086.23
4,19,11,1514.32
4,19,12,1226.42
4,19,13,946.98
4,19,14,1241.25
4,19,15,1380.29
4,19,16,542.9
4,19,17,20.1
4,20,8,280.84000000000003
4,20,9,3233.85
4,20,10,822.05
4,20,11,2976.75
4,20,12,728.57
4,20,13,2554.7400000000002
4,20,14,376.54
4,20,15,1254.21
4,20,16,53.4
4,20,17,276.3
4,21,8,88.0
4,21,9,1070.1
4,21,10,1706.74
4,21,11,457.12
4,21,12,1322.22
4,21,13,1890.57
4,21,14,588.26
4,21,15,658.75
4,21,16,1940.59
4,21,17,632.58
4,21,18,2106.19
4,21,19,431.15999999999997
4,26,8,518.0
4,26,9,3291.71
4,26,10,1272.74
4,26,11,2199.64
4,26,12,1083.53
4,26,13,700.03
4,26,14,1458.71
4,26,15,589.51
4,26,16,552.87
4,26,17,369.13
4,27,8,475.79999999999995
4,27,9,152.64
4,27,10,1429.96
4,27,11,529.96
4,27,12,3769.8900000000003
4,27,13,1040.54
4,27,14,2518.98
4,27,15,31.34
4,27,16,156.46
4,27,17,594.8299999999999
4,28,7,289.68
4,28,8,242.9
4,28,9,908.73
4,28,10,2568.78
4,28,11,637.05
4,28,12,718.4300000000001
4,28,13,2022.39
4,28,14,674.32
4,28,15,765.3199999999999
4,28,16,902.28
4,28,18,71.4
4,28,19,47.81
5,1,10,47.400000000000006
5,1,11,1051.8700000000001
5,1,12,605.53
5,1,13,825.76
5,1,14,740.91
5,1,15,123.55000000000001
5,3,8,159.81
5,3,9,2544.93
5,3,10,1018.1
5,3,11,1421.51
5,3,12,2192.9
5,3,13,1474.95
5,3,14,494.84999999999997
5,3,15,370.04
5,3,16,1133.66
5,3,17,100.25999999999999
5,4,8,1449.42
5,4,9,367.4
5,4,10,292.88
5,4,11,3748.78
5,4,12,725.65
5,4,13,1401.92
5,4,14,1089.69
5,4,15,1014.98
5,4,16,266.59
5,4,17,98.9
5,5,7,61.44
5,5,8,590.0
5,5,9,1395.97
5,5,10,418.8
5,5,11,443.11
5,5,12,782.55
5,5,13,2896.33
5,5,14,855.35
5,5,15,2486.67
5,5,16,176.78
5,5,17,1657.71
5,5,18,612.08
5,5,19,201.9
5,6,8,4578.17
5,6,9,1374.1100000000001
5,6,10,1790.21
5,6,11,910.16
5,6,12,874.9
5,6,13,2129.71
5,6,14,690.3
5,6,15,1963.35
5,6,16,1396.03
5,6,17,76.9
5,6,19,133.44
5,8,10,545.96
5,8,11,2712.16
5,8,12,1982.66
5,8,13,517.13
5,8,14,944.13
5,8,15,1305.42
5,8,16,1162.58
5,9,8,189.8
5,9,9,1039.45
5,9,10,1088.0
5,9,11,412.79
5,9,12,2536.03
5,9,13,1705.99
5,9,14,2355.81
5,9,15,1163.1
5,9,16,2801.5299999999997
5,10,8,125.65
5,10,9,501.01
5,10,10,3125.83
5,10,11,3635.21
5,10,12,4201.19
5,10,13,1523.04
5,10,14,630.91
5,10,15,7817.15
5,10,16,829.07
5,11,7,1085.4
5,11,8,347.15
5,11,9,595.65
5,11,10,3452.15
5,11,11,345.77
5,11,12,3471.56
5,11,13,1508.06
5,11,14,1798.26
5,11,15,1557.23
5,11,16,64.37
5,11,17,494.37
5,12,8,932.16
5,12,9,2402.6
5,12,10,15703.84
5,12,11,782.95
5,12,12,4549.18
5,12,13,1433.58
5,12,14,4685.01
5,12,15,561.43
5,12,16,717.05
5,12,17,173.28
5,12,18,1085.51
5,12,19,650.33
5,12,20,249.58
5,13,8,947.15
5,13,9,1753.23
5,13,10,2532.88
5,13,11,4223.59
5,13,12,1812.96
5,13,13,1241.94
5,13,14,2047.69
5,13,15,954.64
5,13,16,1280.31
5,13,17,59.849999999999994
5,15,11,624.26
5,15,12,2631.01
5,15,13,760.02
5,15,14,116.09
5,15,15,268.93
5,15,16,342.37
5,16,8,1509.43
5,16,9,2956.54
5,16,10,973.46
5,16,11,225.54
5,16,12,3450.23
5,16,13,560.65
5,16,14,10721.16
5,16,15,501.95
5,16,16,2375.63
5,16,17,8.34
5,17,8,482.96
5,17,9,581.25
5,17,10,1560.66
5,17,11,5885.79
5,17,12,1223.42
5,17,13,649.85
5,17,14,1709.3400000000001
5,17,15,7018.05
5,17,16,1251.54
5,17,17,13.03
5,18,9,1672.53
5,18,10,4137.57
5,18,11,1438.63
5,18,12,1463.52
5,18,13,2811.51
5,18,14,1459.21
5,18,15,2550.94
5,18,16,1623.9
5,19,7,203.94
5,19,8,1022.9200000000001
5,19,9,1104.24
5,19,10,2438.49
5,19,11,1566.6499999999999
5,19,12,1443.04
5,19,13,935.72
5,19,14,2040.41
5,19,15,1162.9
5,19,16,982.07
5,19,17,2097.44
5,19,18,458.18
5,19,19,1003.05
5,20,8,565.82
5,20,9,741.49
5,20,10,2744.25
5,20,11,3005.75
5,20,12,946.55
5,20,13,2143.12
5,20,14,2056.84
5,20,15,711.1
5,20,16,701.9100000000001
5,22,10,1184.77
5,22,11,2434.44
5,22,12,1334.74
5,22,13,2005.65
5,22,14,1707.79
5,22,15,987.86
5,23,8,570.15
5,23,9,1233.47
5,23,10,1047.5
5,23,11,1856.8899999999999
5,23,12,824.03
5,23,13,3260.72
5,23,14,3053.15
5,23,15,1866.53
5,23,16,370.22
5,23,17,313.46
5,24,8,1289.04
5,24,9,2166.7000000000003
5,24,10,1326.84
5,24,11,1086.1299999999999
5,24,12,1078.8
5,24,13,764.59
5,24,14,876.18
5,24,15,2645.69
5,24,16,106.65
5,24,17,288.27
5,25,8,207.68
5,25,9,2098.31
5,25,10,1731.19
5,25,11,1502.6
5,25,12,3897.94
5,25,13,501.15000000000003
5,25,14,688.5
5,25,15,1227.96
5,25,16,501.73
5,25,17,1295.87
5,26,8,85.56
5,26,9,500.89000000000004
5,26,10,2756.34
5,26,11,630.7
5,26,12,1038.02
5,26,13,1566.15
5,26,14,1377.39
5,26,15,5514.02
5,26,16,276.15
5,26,17,166.81
5,26,18,274.24
5,26,19,5290.13
5,27,9,803.44
5,27,10,1303.15
5,27,11,413.5
5,27,12,1568.59
5,27,13,2356.47
5,27,14,1849.86
5,27,15,3598.44
5,27,16,186.9
5,27,17,715.25
5,29,10,836.35
5,29,11,251.07999999999998
5,29,12,708.11
5,29,13,85.21000000000001
5,29,14,568.55
5,29,15,543.67
5,31,8,421.98
5,31,9,556.97
5,31,10,597.18
5,31,11,443.15000000000003
5,31,12,668.02
5,31,13,1251.15
5,31,14,2773.57
5,31,15,2168.02
6,1,7,73.5
6,1,8,721.13
6,1,9,1043.0
6,1,10,3148.43
6,1,11,283.45
6,1,12,1143.01
6,1,13,377.20000000000005
6,1,14,378.16
6,1,15,575.15
6,1,16,166.2
6,1,17,2101.54
6,2,9,2382.87
6,2,10,370.5
6,2,11,3156.6
6,2,12,2380.54
6,2,13,30.299999999999997
6,2,14,1896.22
6,2,15,471.02
6,2,16,59.75
6,2,17,5676.92
6,2,18,66.8
6,2,19,225.3
6,3,7,404.8
6,3,8,179.8
6,3,9,371.8
6,3,10,1649.91
6,3,11,768.95
6,3,12,790.3100000000001
6,3,13,1734.4
6,3,14,701.73
6,3,15,416.5
6,3,16,291.38
6,3,17,628.93
6,5,10,1390.22
6,5,11,2689.41
6,5,12,868.24
6,5,13,2389.9900000000002
6,5,14,871.09
6,5,15,2993.84
6,5,16,68.0
6,6,8,70.80000000000001
6,6,9,1784.71
6,6,10,338.43
6,6,11,914.83
6,6,12,2037.36
6,6,13,1694.53
6,6,14,556.88
6,6,15,1000.2800000000001
6,6,16,670.83
6,7,7,146.75
6,7,8,621.0500000000001
6,7,9,1081.81
6,7,10,471.40000000000003
6,7,11,1439.1100000000001
6,7,12,1527.39
6,7,13,2847.73
6,7,14,1088.7
6,7,15,428.53999999999996
6,7,16,11934.6
6,7,17,1399.8799999999999
6,8,8,1705.84
6,8,9,983.32
6,8,10,2221.71
6,8,11,1037.05
6,8,12,2657.88
6,8,13,1678.06
6,8,14,1490.91
6,8,15,4960.39
6,8,16,876.77
6,8,17,708.53
6,9,7,28.9
6,9,8,124.6
6,9,9,701.87
6,9,10,1441.31
6,9,11,1333.73
6,9,12,1138.6100000000001
6,9,13,1453.71
6,9,14,1062.8899999999999
6,9,15,1578.79
6,9,16,1705.77
6,9,17,17191.71
6,9,18,749.78
6,9,19,1096.45
6,9,20,94.33
6,10,8,492.23
6,10,9,444.02000000000004
6,10,10,1970.54
6,10,11,1157.84
6,10,12,3197.83
6,10,13,768.13
6,10,14,1290.14
6,10,15,395.45
6,10,16,255.75
6,10,17,693.04
6,12,9,231.9
6,12,10,835.56
6,12,11,1209.83
6,12,12,1037.32
6,12,13,1356.79
6,12,14,681.04
6,12,15,233.9
6,12,16,4.95
6,13,7,73.12
6,13,8,1229.8
6,13,9,639.16
6,13,10,1720.13
6,13,11,806.1800000000001
6,13,12,890.98
6,13,13,549.37
6,13,14,1583.2
6,13,15,1044.04
6,13,16,608.65
6,13,17,224.99
6,14,8,166.12
6,14,9,358.82
6,14,10,940.91
6,14,11,10155.62
6,14,12,2148.92
6,14,13,1453.82
6,14,14,1191.3
6,14,15,652.1
6,14,16,132.22
6,14,17,2321.36
6,15,8,274.54
6,15,9,411.84
6,15,10,1678.6
6,15,11,2919.78
6,15,12,1664.3500000000001
6,15,13,14779.7
6,15,14,1450.88
6,15,15,910.92
6,15,16,763.57
6,16,8,951.95
6,16,9,2014.06
6,16,10,707.2
6,16,11,1535.23
6,16,12,1040.05
6,16,13,965.89
6,16,14,1625.76
6,16,15,1500.01
6,16,16,1154.76
6,16,17,1111.78
6,16,18,2656.52
6,16,19,191.23
6,17,8,309.3
6,17,9,1192.6
6,17,10,1381.87
6,17,11,1121.04
6,17,12,2036.69
6,17,13,537.92
6,17,14,1434.6
6,17,15,687.9
6,17,16,23.5
6,17,17,1.65
6,19,10,1004.13
6,19,11,4627.55
6,19,12,1558.92
6,19,13,1723.26
6,19,14,593.22
6,19,15,955.52
6,19,16,203.21
6,20,8,480.0
6,20,9,1594.36
6,20,10,829.54
6,20,11,635.97
6,20,12,676.63
6,20,13,3326.9
6,20,14,3828.75
6,20,15,3112.48
6,20,16,118.1
6,20,17,293.71999999999997
6,21,8,25.200000000000003
6,21,9,1030.56
6,21,10,1611.55
6,21,11,297.08
6,21,12,675.64
6,21,13,851.62
6,21,14,3265.81
6,21,15,760.08
6,21,16,1401.62
6,21,17,1377.8899999999999
6,21,18,4.15
6,22,8,41.85
6,22,9,183.96
6,22,10,3267.04
6,22,11,709.14
6,22,12,915.84
6,22,13,902.5600000000001
6,22,14,1905.39
6,22,15,1025.85
6,22,16,788.77
6,22,17,94.25
6,23,9,1645.67
6,23,10,1655.48
6,23,11,836.69
6,23,12,692.28
6,23,13,1925.48
6,23,14,1808.46
6,23,15,1833.79
6,23,16,777.9300000000001
6,23,17,407.3
6,23,18,876.79
6,23,19,822.95
6,24,8,151.75
6,24,9,837.0
6,24,10,1021.3100000000001
6,24,11,193.62
6,24,12,491.37
6,24,13,1177.5
6,24,14,986.4200000000001
6,24,15,2117.23
6,24,16,1165.5
6,24,17,612.39
6,26,10,160.26
6,26,11,639.9300000000001
6,26,12,408.53000000000003
6,26,13,1070.47
6,26,14,595.25
6,26,15,327.28999999999996
6,27,8,380.78
6,27,9,1351.6299999999999
6,27,10,1243.8
6,27,11,47.05
6,27,12,1665.56
6,27,13,562.12
6,27,14,655.6
6,27,15,784.6999999999999
6,27,16,474.45
6,27,17,62.75
6,28,8,8062.04
6,28,9,37.5
6,28,10,529.97
6,28,11,4142.05
6,28,12,455.26
6,28,13,532.0
6,28,14,654.25
6,28,15,4348.93
6,28,16,61.5
6,28,17,144.48000000000002
6,29,8,122.4
6,29,9,539.12
6,29,10,2160.95
6,29,11,475.35
6,29,12,556.8
6,29,13,1458.5
6,29,14,193.5
6,29,15,5054.27
6,29,16,113.5
6,30,8,103.3
6,30,9,268.04
6,30,10,2508.65
6,30,11,10462.109999999999
6,30,12,7358.38
6,30,13,919.5
6,30,14,886.91
6,30,15,2115.07
6,30,16,552.32
6,30,17,388.07
6,30,18,257.56
6,30,19,442.7
6,30,20,34.69
7,1,8,625.1
7,1,9,935.5
7,1,10,1207.2
7,1,11,1152.87
7,1,12,1210.8
7,1,13,430.5
7,1,14,814.08
7,1,15,186.07999999999998
7,1,17,169.92000000000002
7,3,10,796.26
7,3,11,505.77
7,3,12,851.32
7,3,13,754.46
7,3,14,62.31
7,3,15,314.8
7,3,16,105.84
7,4,10,15844.52
7,4,11,1683.64
7,4,12,1622.22
7,4,13,1500.91
7,4,14,919.35
7,4,15,601.48
7,4,16,1411.95
7,5,9,2924.7
7,5,10,2151.68
7,5,11,474.41
7,5,12,2198.84
7,5,13,1385.93
7,5,14,1239.92
7,5,15,4164.44
7,5,16,2587.38
7,5,17,1695.68
7,6,9,794.73
7,6,10,1637.42
7,6,11,425.65
7,6,12,1585.42
7,6,13,1865.23
7,6,14,2583.55
7,6,15,665.53
7,6,16,2015.73
7,6,17,192.25
7,7,8,270.5
7,7,10,1380.54
7,7,11,1133.24
7,7,12,2811.16
7,7,13,2085.7200000000003
7,7,14,3050.2799999999997
7,7,15,1122.45
7,7,16,2402.46
7,7,17,716.95
7,7,18,2511.17
7,7,19,194.71
7,7,20,7.95
7,8,8,1077.44
7,8,9,600.9
7,8,10,792.57
7,8,11,631.5
7,8,12,1577.48
7,8,13,4407.94
7,8,14,1186.92
7,8,15,2012.19
7,8,16,1043.61
7,8,17,92.91
7,10,10,223.01000000000002
7,10,11,206.78
7,10,12,423.58
7,10,13,218.31
7,10,14,294.87
7,10,15,418.28
7,10,16,92.32
7,11,9,156.15
7,11,10,1284.29
7,11,11,416.42
7,11,12,2442.42
7,11,13,1141.07
7,11,14,2021.42
7,11,15,1355.8400000000001
7,11,16,981.9399999999999
7,11,17,337.32
7,12,8,35.400000000000006
7,12,9,3431.81
7,12,10,1012.38
7,12,11,938.49
7,12,12,1077.1
7,12,13,2122.4
7,12,14,494.08
7,12,15,1489.76
7,12,16,2927.86
7,12,17,163.1
7,13,8,70.05
7,13,9,620.46
7,13,10,1459.83
7,13,11,1340.16
7,13,12,1517.42
7,13,13,1128.89
7,13,14,112.59
7,13,15,2812.28
7,13,16,1210.56
7,13,17,79.6
7,14,8,659.73
7,14,9,866.19
7,14,10,5488.26
7,14,11,951.46
7,14,12,1123.51
7,14,13,2419.25
7,14,14,959.8199999999999
7,14,15,861.79
7,14,16,1440.1499999999999
7,14,17,708.51
7,14,18,286.43
7,14,19,191.65
7,14,20,257.15999999999997
7,15,8,369.7
7,15,9,35.31
7,15,10,1223.23
7,15,11,991.4100000000001
7,15,12,713.1100000000001
7,15,13,567.38
7,15,14,880.98
7,15,15,197.25
7,15,16,1459.69
7,15,17,89.42
7,17,10,318.7
7,17,11,2828.75
7,17,12,1618.65
7,17,13,2929.46
7,17,14,622.67
7,17,15,454.39
7,18,8,102.6
7,18,9,595.26
7,18,10,2165.64
7,18,11,3042.84
7,18,12,1965.34
7,18,13,1084.65
7,18,14,1983.67
7,18,15,2802.56
7,18,16,257.27
7,18,17,238.14000000000001
7,19,9,7293.47
7,19,10,772.79
7,19,11,3073.87
7,19,12,2222.68
7,19,13,2121.07
7,19,14,1110.49
7,19,15,6215.59
7,19,16,814.21
7,19,17,193.93
7,20,8,232.56
7,20,9,679.9200000000001
7,20,10,713.56
7,20,11,2487.52
7,20,12,2915.01
7,20,13,2421.76
7,20,14,2929.8
7,20,15,651.78
7,20,16,2664.94
7,21,8,236.39000000000001
7,21,9,1119.12
7,21,10,1594.43
7,21,11,489.76
7,21,12,2756.26
7,21,13,1146.74
7,21,14,785.87
7,21,15,1352.71
7,21,16,3332.66
7,21,17,2506.56
7,21,18,798.6800000000001
7,21,19,141.39
7,22,9,4031.7799999999997
7,22,10,666.19
7,22,11,1611.79
7,22,12,602.48
7,22,13,1669.83
7,22,14,631.6800000000001
7,22,15,600.5
7,22,16,376.53999999999996
7,22,17,205.67
7,24,10,1917.34
7,24,11,1739.1399999999999
7,24,12,1787.8999999999999
7,24,13,5554.46
7,24,14,621.76
7,24,15,2346.54
7,24,16,376.66
7,25,8,203.47
7,25,9,1418.8
7,25,10,1725.45
7,25,11,1406.42
7,25,12,1239.53
7,25,13,1325.79
7,25,14,445.7
7,25,15,618.89
7,25,16,2600.34
7,25,17,1872.8
7,26,8,88.8
7,26,9,1267.92
7,26,10,616.4
7,26,11,1038.85
7,26,12,2109.87
7,26,13,556.67
7,26,14,1965.96
7,26,15,1814.68
7,26,16,1355.17
7,26,17,168.05
7,27,8,85.05
7,27,9,2410.76
7,27,10,1977.33
7,27,11,411.3
7,27,12,443.01
7,27,13,3549.59
7,27,14,1105.45
7,27,15,1920.7
7,27,17,67.49
7,28,8,243.44
7,28,9,1840.56
7,28,10,672.46
7,28,11,1152.56
7,28,12,1417.55
7,28,13,565.85
7,28,14,10475.11
7,28,15,7774.09
7,28,16,7871.92
7,28,17,1025.03
7,28,18,752.08
7,28,19,371.9
7,29,8,354.93
7,29,9,690.48
7,29,10,1161.8
7,29,11,1299.44
7,29,12,943.99
7,29,13,1596.75
7,29,14,768.6800000000001
7,29,15,1185.7
7,29,16,1064.98
7,29,17,75.24000000000001
7,31,10,937.2099999999999
7,31,11,1542.57
7,31,12,2129.08
7,31,13,661.72
7,31,14,564.37
7,31,15,11271.14
7,31,16,137.07
8,1,8,139.2
8,1,9,104.85
8,1,10,1390.95
8,1,11,553.36
8,1,12,1959.96
8,1,13,1004.1700000000001
8,1,14,892.25
8,1,15,210.9
8,1,16,3167.98
8,1,17,1062.74
8,2,8,460.05
8,2,9,816.66
8,2,10,2965.52
8,2,11,182.37
8,2,12,1139.23
8,2,13,535.34
8,2,14,3809.63
8,2,15,1122.72
8,2,16,919.31
8,2,17,915.05
8,3,8,88.11
8,3,9,1571.81
8,3,10,2163.64
8,3,11,1901.65
8,3,12,2572.66
8,3,13,992.41
8,3,14,1851.73
8,3,15,607.92
8,3,16,766.31
8,3,17,17.700000000000003
8,4,8,83.10000000000001
8,4,9,277.7
8,4,10,3689.46
8,4,11,1042.48
8,4,12,4161.96
8,4,13,2440.78
8,4,14,8317.77
8,4,15,2068.34
8,4,16,2650.88
8,4,17,2228.11
8,4,18,6510.97
8,4,19,1191.24
8,4,20,57.92
8,5,8,380.8
8,5,9,94.4
8,5,10,811.7800000000001
8,5,11,2348.12
8,5,12,1098.22
8,5,13,945.59
8,5,14,474.95000000000005
8,5,15,1964.93
8,5,16,1268.17
8,5,17,689.09
8,7,10,632.4499999999999
8,7,11,97.64
8,7,12,613.96
8,7,13,754.68
8,7,14,1012.38
8,7,15,692.9300000000001
8,8,9,216.97
8,8,10,1077.63
8,8,11,3056.77
8,8,12,880.84
8,8,13,1622.53
8,8,14,696.15
8,8,15,3162.56
8,8,16,895.75
8,9,9,446.49
8,9,10,1478.21
8,9,11,1084.25
8,9,12,1715.8700000000001
8,9,13,9996.87
8,9,14,1557.4
8,9,15,757.38
8,9,16,351.38
8,9,17,855.5799999999999
8,10,8,133.05
8,10,9,2804.99
8,10,10,4608.51
8,10,11,498.76
8,10,12,1417.78
8,10,13,650.76
8,10,14,1053.63
8,10,15,422.6
8,10,16,2242.85
8,10,17,969.5899999999999
8,11,8,643.6
8,11,9,816.87
8,11,10,8656.78
8,11,11,1655.08
8,11,12,1589.15
8,11,13,559.96
8,11,14,1628.06
8,11,15,4926.99
8,11,16,13131.24
8,11,17,1242.33
8,12,9,2049.27
8,12,10,436.34000000000003
8,12,11,880.84
8,12,12,3237.95
8,12,13,822.3199999999999
8,12,14,794.95
8,12,15,468.45000000000005
8,12,16,1877.12
8,14,9,3.75
8,14,10,631.85
8,14,11,340.6
8,14,12,1611.83
8,14,13,164.09
8,14,14,85.64999999999999
8,14,15,430.96
8,15,8,22.77
8,15,9,375.48
8,15,10,2239.05
8,15,11,309.62
8,15,12,2393.94
8,15,13,839.1700000000001
8,15,14,1769.04
8,15,15,635.72
8,15,16,110.4
8,16,8,223.6
8,16,9,723.7099999999999
8,16,10,959.3000000000001
8,16,11,2885.78
8,16,12,710.93
8,16,13,2493.71
8,16,14,1283.9
8,16,15,528.1
8,16,16,17.34
8,16,17,191.98000000000002
8,17,8,410.88
8,17,9,804.48
8,17,10,930.01
8,17,11,2791.48
8,17,12,3214.77
8,17,13,2838.68
8,17,14,3743.31
8,17,15,3064.6600000000003
8,17,16,416.25
8,17,17,89.73
8,17,19,2080.0
8,17,20,7288.9400000000005
8,18,6,120.2
8,18,8,16197.62
8,18,9,2014.88
8,18,10,2977.07
8,18,11,1751.64
8,18,12,1622.78
8,18,13,789.7
8,18,14,303.43
8,18,15,813.69
8,18,16,1285.45
8,18,17,2679.02
8,18,18,591.3199999999999
8,18,19,66.5
8,18,20,58.67
8,19,8,400.45
8,19,9,820.64
8,19,10,1138.42
8,19,11,1327.38
8,19,12,885.37
8,19,13,746.7
8,19,14,804.58
8,19,15,1211.14
8,19,16,269.77000000000004
8,19,17,61.15
8,21,10,566.05
8,21,11,910.08
8,21,12,1659.28
8,21,13,997.86
8,21,14,791.25
8,21,15,1079.42
8,21,16,177.05
8,22,9,1109.89
8,22,10,3562.65
8,22,11,1080.85
8,22,12,2904.99
8,22,13,1108.57
8,22,14,1916.56
8,22,15,1800.02
8,22,17,1642.5
8,23,8,185.9
8,23,9,2274.87
8,23,10,561.45
8,23,11,1353.1100000000001
8,23,12,1602.8700000000001
8,23,13,1931.25
8,23,14,1286.29
8,23,15,1278.64
8,23,16,533.09
8,23,17,467.89
8,24,8,444.86
8,24,9,3101.65
8,24,10,4332.73
8,24,11,565.87
8,24,12,9122.960000000001
8,24,13,5616.63
8,24,14,2205.4
8,24,15,1326.32
8,24,16,585.8
8,25,8,160.22
8,25,9,1060.9
8,25,10,1669.74
8,25,11,1245.72
8,25,12,1886.88
8,25,13,1025.54
8,25,14,2005.77
8,25,15,1781.1200000000001
8,25,16,2.5
8,25,17,492.1
8,25,18,64.53999999999999
8,25,19,164.47
8,26,8,180.8
8,26,9,1315.89
8,26,10,479.86
8,26,11,2136.19
8,26,12,912.38
8,26,13,1375.53
8,26,14,5949.25
8,26,15,915.91
8,28,10,665.6800000000001
8,28,11,470.65
8,28,12,1129.07
8,28,13,1580.01
8,28,14,495.99
8,28,15,454.6
8,28,16,94.45
8,30,8,156.75
8,30,9,86.4
8,30,10,4441.3099999999995
8,30,11,1374.8700000000001
8,30,12,5497.61
8,30,13,1075.36
8,30,14,61.83
8,30,15,567.67
8,30,16,356.73
8,30,17,7.95
8,31,8,78.13
8,31,9,4231.92
8,31,10,1029.91
8,31,11,881.3100000000001
8,31,12,749.65
8,31,13,2345.02
8,31,14,352.95
8,31,15,3130.4
8,31,16,1926.75
8,31,17,1400.77
9,1,9,421.4
9,1,10,917.81
9,1,11,3317.27
9,1,12,976.6800000000001
9,1,13,1675.26
9,1,14,4963.37
9,1,15,751.65
9,1,16,1698.39
9,1,17,3548.92
9,1,18,1218.48
9,1,19,434.6
9,2,8,133.4
9,2,9,5100.69
9,2,10,3337.37
9,2,11,4578.41
9,2,12,739.76
9,2,13,2008.05
9,2,14,1070.38
9,2,15,2535.31
9,2,16,949.7
9,2,17,144.79
9,4,10,145.9
9,4,11,1505.84
9,4,12,1328.79
9,4,13,1475.21
9,4,14,1058.8700000000001
9,4,15,1211.2
9,4,16,521.3
9,5,9,2884.64
9,5,10,4648.52
9,5,11,2553.83
9,5,12,1297.6
9,5,13,878.46
9,5,14,1446.18
9,5,15,2441.21
9,5,16,256.27
9,5,17,415.83
9,6,8,114.82
9,6,9,2057.36
9,6,10,428.79
9,6,11,1286.42
9,6,12,4538.91
9,6,13,431.34000000000003
9,6,14,4115.18
9,6,15,822.0
9,6,16,45.150000000000006
9,7,8,278.88
9,7,9,1316.04
9,7,10,2360.64
9,7,11,1751.83
9,7,12,5510.3
9,7,13,1048.1100000000001
9,7,14,813.24
9,7,15,1924.5
9,7,16,1652.47
9,8,8,332.78
9,8,9,299.0
9,8,10,2974.69
9,8,11,1999.44
9,8,12,2836.42
9,8,13,1687.42
9,8,14,803.41
9,8,15,1594.93
9,8,17,212.0
9,8,19,189.43
9,9,8,155.1
9,9,9,849.2
9,9,10,1232.24
9,9,11,2812.79
9,9,12,889.59
9,9,13,2903.1
9,9,14,1099.8
9,9,15,3023.67
9,9,16,805.05
9,9,17,18.990000000000002
9,11,10,1845.74
9,11,11,1876.74
9,11,12,7206.3
9,11,13,2796.57
9,11,14,3626.22
9,11,15,2258.9
9,11,16,219.78
9,12,8,215.36
9,12,9,3159.93
9,12,10,791.75
9,12,11,942.38
9,12,12,3223.36
9,12,13,3682.3
9,12,14,1668.13
9,12,15,2124.19
9,12,16,948.66
9,12,17,57.13
9,12,18,346.11
9,13,9,3411.98
9,13,10,737.12
9,13,11,9634.42
9,13,12,2477.03
9,13,13,5212.74
9,13,14,1505.67
9,13,15,4890.65
9,13,16,1922.8
9,13,17,423.54
9,14,8,153.6
9,14,9,2920.61
9,14,10,1249.61
9,14,11,2813.32
9,14,12,1175.76
9,14,13,1518.88
9,14,14,571.14
9,14,15,969.6899999999999
9,14,16,113.13
9,15,8,115.80000000000001
9,15,9,794.39
9,15,10,7110.17
9,15,11,1879.23
9,15,12,2935.26
9,15,13,3261.55
9,15,14,2720.71
9,15,15,35164.85
9,15,16,2247.82
9,15,17,407.47
9,15,18,383.43
9,15,19,108.30000000000001
9,16,8,23.35
9,16,9,3348.29
9,16,10,2210.9700000000003
9,16,11,1835.49
9,16,12,2082.31
9,16,13,1604.8600000000001
9,16,14,1351.2
9,16,15,1426.98
9,16,16,413.81
9,16,17,547.25
9,18,10,1726.95
9,18,11,843.78
9,18,12,1323.05
9,18,13,1378.73
9,18,14,429.27
9,18,15,3051.56
9,18,16,87.68
9,19,8,1.65
9,19,9,1364.71
9,19,10,2352.21
9,19,11,10270.99
9,19,12,1538.7
9,19,13,3804.42
9,19,14,2154.4700000000003
9,19,15,2005.17
9,19,16,305.3
9,20,8,268.37
9,20,9,2803.89
9,20,10,23935.12
9,20,11,17840.52
9,20,12,6719.67
9,20,13,1680.17
9,20,14,3524.78
9,20,15,408.53
9,20,16,22.95
9,21,8,409.40000000000003
9,21,9,2253.59
9,21,10,811.1800000000001
9,21,11,3213.4900000000002
9,21,12,2110.23
9,21,13,2214.42
9,21,14,3334.02
9,21,15,8558.72
9,21,16,457.74
9,21,17,336.33
9,22,8,200.45
9,22,9,2838.76
9,22,10,4506.84
9,22,11,3688.71
9,22,12,3452.7400000000002
9,22,13,4900.4400000000005
9,22,14,2317.98
9,22,15,2957.27
9,22,16,2373.49
9,22,17,2805.35
9,22,18,932.71
9,22,19,408.40000000000003
9,23,7,1.49
9,23,8,287.38
9,23,9,3717.13
9,23,10,1367.69
9,23,11,1866.84
9,23,12,5008.57
9,23,13,2251.88
9,23,14,3174.63
9,23,15,1603.49
9,23,16,168.61999999999998
9,23,17,1970.4199999999998
9,25,10,527.95
9,25,11,3435.7200000000003
9,25,12,3822.36
9,25,13,2009.44
9,25,14,5495.75
9,25,15,2011.16
9,25,16,229.87
9,26,7,535.5
9,26,8,34.68
9,26,9,294.45
9,26,10,993.21
9,26,11,765.86
9,26,12,2528.95
9,26,13,3063.89
9,26,14,1061.11
9,26,15,1973.21
9,26,16,269.51
9,26,17,690.0
9,27,8,223.65
9,27,9,433.86
9,27,10,4623.66
9,27,11,2818.54
9,27,12,4798.47
9,27,13,2338.56
9,27,14,3489.63
9,27,15,1540.64
9,27,16,103.60000000000001
9,27,17,260.56
9,27,18,1090.73
9,28,8,209.13
9,28,9,771.96
9,28,10,2385.6
9,28,11,1246.43
9,28,12,3000.51
9,28,13,4793.65
9,28,14,2138.98
9,28,15,2668.34
9,28,16,5799.0599999999995
9,29,8,3349.96
9,29,9,2697.05
9,29,10,3925.36
9,29,11,1097.17
9,29,12,4435.72
9,29,13,4320.7
9,29,14,1680.22
9,29,15,2225.08
9,29,16,1682.01
9,29,17,927.9200000000001
9,29,18,807.38
9,29,19,243.2
9,30,7,2677.4
9,30,8,178.09
9,30,9,1621.44
9,30,10,6792.63
9,30,11,4371.09
9,30,12,2801.86
9,30,13,2241.22
9,30,14,2572.64
9,30,15,1164.54
9,30,17,773.71
10,2,10,715.94
10,2,11,533.71
10,2,12,1038.09
10,2,13,1382.18
10,2,14,1276.28
10,2,15,958.49
10,3,8,395.36
10,3,9,2518.56
10,3,10,2473.6600000000003
10,3,11,5451.57
10,3,12,2076.9
10,3,13,1471.02
10,3,14,3471.43
10,3,15,2793.63
10,3,16,7044.3
10,3,17,74.2
10,4,8,1081.8100000000002
10,4,9,4767.96
10,4,10,5031.43
10,4,11,1934.6100000000001
10,4,12,3320.29
10,4,13,3896.1
10,4,14,1702.82
10,4,15,1588.29
10,4,16,1590.45
10,4,17,39.15
10,5,8,983.25
10,5,9,1895.95
10,5,10,13746.18
10,5,11,1661.8500000000001
10,5,12,10518.5
10,5,13,2428.42
10,5,14,1717.45
10,5,15,2682.38
10,5,16,691.58
10,5,17,95.05
10,6,8,348.33000000000004
10,6,9,3292.18
10,6,10,6477.22
10,6,11,8036.42
10,6,12,1447.33
10,6,13,7071.64
10,6,14,4281.36
10,6,15,1378.07
10,6,16,3465.23
10,6,17,1371.34
10,6,18,1052.92
10,6,19,709.62
10,6,20,1864.3600000000001
10,7,8,1294.21
10,7,9,2091.39
10,7,10,2558.03
10,7,11,5179.29
10,7,12,5357.21
10,7,13,1800.69
10,7,14,1609.05
10,7,15,3118.43
10,7,16,172.26000000000002
10,9,10,625.08
10,9,11,586.57
10,9,12,1761.9
10,9,13,1899.16
10,9,14,321.82
10,9,15,2238.7599999999998
10,9,16,621.49
10,10,8,803.99
10,10,9,4526.15
10,10,10,3318.03
10,10,11,2264.4500000000003
10,10,12,3428.75
10,10,13,2970.12
10,10,14,2039.77
10,10,15,1370.94
10,10,16,2289.97
10,10,17,1928.52
10,11,8,875.4
10,11,9,1680.76
10,11,10,4575.79
10,11,11,8752.23
10,11,12,1211.68
10,11,13,1650.8500000000001
10,11,14,5477.27
10,11,15,1711.69
10,11,16,2401.34
10,12,8,212.91
10,12,9,2221.72
10,12,10,2218.25
10,12,11,1160.3
10,12,12,2537.94
10,12,13,1336.58
10,12,14,2394.69
10,12,15,1387.16
10,12,16,2816.82
10,12,17,251.3
10,13,8,490.12
10,13,9,646.9300000000001
10,13,10,3728.11
10,13,11,1109.89
10,13,12,5861.88
10,13,13,1112.6
10,13,14,3680.39
10,13,15,2292.9
10,13,16,414.78000000000003
10,13,17,210.78
10,14,8,66.3
10,14,9,2834.72
10,14,10,1469.52
10,14,11,2315.21
10,14,12,3000.6
10,14,13,2186.43
10,14,14,2383.1
10,14,15,1924.46
10,14,16,578.65
10,14,17,1141.33
10,16,10,78.8
10,16,11,358.12
10,16,12,3198.41
10,16,13,4463.72
10,16,14,488.45
10,16,15,1782.8899999999999
10,16,16,443.91
10,17,8,2865.05
10,17,9,2394.08
10,17,10,6343.11
10,17,11,1963.42
10,17,12,3156.4700000000003
10,17,13,6450.85
10,17,14,1381.34
10,17,15,3657.91
10,17,16,244.4
10,17,17,236.2
10,18,7,768.75
10,18,8,713.52
10,18,9,4182.24
10,18,10,1849.78
10,18,11,760.22
10,18,12,4891.41
10,18,13,3326.96
10,18,14,2372.67
10,18,15,1731.09
10,18,16,1126.11
10,18,17,1492.51
10,19,8,389.16
10,19,9,1054.55
10,19,10,3153.28
10,19,11,3478.2400000000002
10,19,12,2227.75
10,19,13,2529.36
10,19,14,1330.34
10,19,15,1164.74
10,19,16,1665.7
10,20,8,278.56
10,20,9,3379.58
10,20,10,1128.65
10,20,11,2074.41
10,20,12,14236.73
10,20,13,2587.28
10,20,14,4181.18
10,20,15,990.33
10,20,16,86.4
10,20,17,126.18
10,20,18,165.26
10,20,19,335.82
10,21,8,2032.25
10,21,9,1156.34
10,21,10,4087.81
10,21,11,5837.34
10,21,12,1628.76
10,21,13,2218.11
10,21,14,2812.4700000000003
10,21,15,1292.31
10,21,16,429.55
10,23,9,12.75
10,23,10,353.25
10,23,11,697.25
10,23,12,1000.1800000000001
10,23,13,725.4
10,23,14,725.9
10,23,15,2155.08
10,23,16,564.36
10,24,8,253.18
10,24,9,2594.88
10,24,10,5660.74
10,24,11,1435.6
10,24,12,2189.44
10,24,13,1531.01
10,24,14,1764.8700000000001
10,24,15,637.28
10,24,16,1928.29
10,24,17,4377.0199999999995
10,25,8,671.62
10,25,9,394.34000000000003
10,25,10,1685.92
10,25,11,553.08
10,25,12,3350.01
10,25,13,4054.35
10,25,14,2646.23
10,25,15,3532.43
10,25,16,602.13
10,25,17,455.31
10,25,18,1230.24
10,26,8,71.88
10,26,9,597.97
10,26,10,2630.55
10,26,11,1214.06
10,26,12,2931.58
10,26,13,3191.04
10,26,14,2375.4
10,26,15,1231.8
10,26,16,1053.65
10,26,17,46.49
10,27,8,628.14
10,27,9,350.21
10,27,10,2409.76
10,27,11,743.46
10,27,12,4486.83
10,27,13,1995.8400000000001
10,27,14,4086.13
10,27,15,1488.74
10,27,16,2883.52
10,27,17,2319.92
10,27,18,139.65
10,27,19,72.74
10,27,20,829.27
10,28,7,3870.84
10,28,8,1332.19
10,28,9,1454.31
10,28,10,697.39
10,28,11,902.97
10,28,12,5096.75
10,28,13,3351.98
10,28,14,1550.6
10,28,15,229.7
10,28,16,526.21
10,28,17,408.4
10,30,10,2199.88
10,30,11,2691.88
10,30,12,2116.67
10,30,13,3644.2
10,30,14,3382.32
10,30,15,2963.33
10,30,16,805.5
10,31,8,293.77
10,31,9,1483.33
10,31,10,2461.41
10,31,11,1197.56
10,31,12,2387.2200000000003
10,31,13,3516.09
10,31,14,13471.94
10,31,15,1751.54
10,31,16,694.87
10,31,17,141.29999999999998
11,1,8,334.28999999999996
11,1,9,2215.4700000000003
11,1,10,4121.31
11,1,11,2129.85
11,1,12,1759.66
11,1,13,1549.6200000000001
11,1,14,1560.77
11,1,15,1757.2
11,1,17,228.33
11,2,8,35.4
11,2,9,406.08000000000004
11,2,10,1072.8700000000001
11,2,11,2446.59
11,2,12,4118.59
11,2,13,1931.18
11,2,14,8697.48
11,2,15,3525.32
11,2,16,359.09000000000003
11,2,17,208.51999999999998
11,3,8,335.55
11,3,9,4682.48
11,3,10,813.6
11,3,11,1327.29
11,3,12,2108.61
11,3,13,1169.92
11,3,14,2018.74
11,3,15,14853.59
11,3,16,3096.03
11,3,17,546.02
11,3,18,194.55
11,3,19,1222.2499999999998
11,4,7,1494.0000000000002
11,4,8,230.84
11,4,9,5230.31
11,4,10,8495.09
11,4,11,1020.5
11,4,12,1712.1
11,4,13,1763.52
11,4,14,5106.61
11,4,15,2626.55
11,4,16,106.24
11,4,17,179.07
11,4,18,438.79999999999995
11,6,10,649.76
11,6,11,2772.97
11,6,12,4673.29
11,6,13,2474.21
11,6,14,5986.48
11,6,15,1865.2
11,6,16,3426.69
11,7,7,238.26000000000002
11,7,8,1552.46
11,7,9,768.3100000000001
11,7,10,822.65
11,7,11,2887.5
11,7,12,3717.71
11,7,13,1063.48
11,7,14,1150.04
11,7,15,1729.8
11,7,16,2905.08
11,7,17,27606.16
11,8,7,108.36
11,8,8,249.48
11,8,9,3210.48
11,8,10,4115.77
11,8,11,1886.01
11,8,12,4205.18
11,8,13,2759.4700000000003
11,8,14,3171.88
11,8,15,6344.4
11,8,16,718.58
11,8,17,1042.79
11,8,18,3427.94
11,9,8,2088.7200000000003
11,9,9,3199.14
11,9,10,2766.83
11,9,11,12511.93
11,9,12,2043.32
11,9,13,5327.67
11,9,14,1326.56
11,9,15,2852.17
11,9,16,3551.77
11,9,17,2093.8
11,10,8,222.94
11,10,9,1411.31
11,10,10,8796.93
11,10,11,2571.92
11,10,12,5450.78
11,10,13,1627.16
11,10,14,3444.79
11,10,15,3550.8
11,10,16,3258.73
11,10,17,1191.22
11,10,18,1426.21
11,10,19,1047.98
11,10,20,61.91
11,11,8,632.53
11,11,9,2595.9
11,11,10,6260.7
11,11,11,1296.26
11,11,12,3693.78
11,11,13,3433.6
11,11,14,1832.55
11,11,15,1062.24
11,11,16,1984.27
11,11,17,5062.95
11,13,10,1346.38
11,13,11,4874.98
11,13,12,2102.64
11,13,13,2625.2400000000002
11,13,14,3267.98
11,13,15,2806.55
11,13,16,1071.64
11,14,8,3525.62
11,14,9,882.44
11,14,10,3819.34
11,14,11,5395.56
11,14,12,2790.16
11,14,13,3205.75
11,14,14,2635.78
11,14,15,7066.22
11,14,16,2576.33
11,14,17,28867.88
11,15,8,4926.02
11,15,9,1444.52
11,15,10,5151.77
11,15,11,1407.38
11,15,12,2818.06
11,15,13,1987.45
11,15,14,3309.28
11,15,15,2634.1
11,15,16,3015.47
11,15,17,3407.18
11,16,8,734.33
11,16,9,882.52
11,16,10,8035.74
11,16,11,2423.42
11,16,12,3724.86
11,16,13,4852.65
11,16,14,1235.28
11,16,15,8167.66
11,16,16,1941.32
11,16,17,827.99
11,17,8,1260.95
11,17,9,2143.98
11,17,10,3435.63
11,17,11,2248.2400000000002
11,17,12,5628.5199999999995
11,17,13,3565.87
11,17,14,3573.43
11,17,15,4030.89
11,17,16,1800.26
11,17,17,1335.73
11,17,18,242.94
11,17,19,1280.99
11,18,8,716.66
11,18,9,6643.53
11,18,10,2786.06
11,18,11,2753.54
11,18,12,2291.2
11,18,13,3765.7000000000003
11,18,14,1956.52
11,18,15,4062.48
11,18,16,462.13
11,18,17,2214.49
11,20,10,2729.53
11,20,11,4424.15
11,20,12,3371.2400000000002
11,20,13,3853.02
11,20,14,1641.28
11,20,15,1325.23
11,20,16,189.58
11,21,8,2019.25
11,21,9,1334.96
11,21,10,1746.16
11,21,11,1160.88
11,21,12,3044.17
11,21,13,1884.04
11,21,14,7007.26
11,21,15,3028.77
11,21,16,3143.97
11,21,17,526.83
11,22,8,2048.7
11,22,9,3197.7599999999998
11,22,10,5918.29
11,22,11,2832.37
11,22,12,2319.54
11,22,13,4121.15
11,22,14,2650.33
11,22,15,5339.34
11,22,16,3546.0
11,22,17,1713.97
11,23,8,872.17
11,23,9,1107.35
11,23,10,8790.78
11,23,11,6587.66
11,23,12,4454.68
11,23,13,5984.49
11,23,14,2266.41
11,23,15,6645.56
11,23,16,1802.45
11,23,17,477.51
11,24,8,224.23000000000002
11,24,9,6157.75
11,24,10,6756.07
11,24,11,884.14
11,24,12,3358.55
11,24,13,3333.7
11,24,14,1230.04
11,24,15,2653.78
11,24,16,1186.95
11,24,17,785.93
11,24,18,434.14
11,24,19,348.48
11,25,8,1042.3
11,25,9,904.13
11,25,10,1802.43
11,25,11,5876.37
11,25,12,1366.38
11,25,13,3724.8
11,25,14,3371.91
11,25,15,3658.02
11,25,16,2266.54
11,25,17,174.32
11,27,10,192.16
11,27,11,1678.92
11,27,12,2193.59
11,27,13,4103.11
11,27,14,445.7
11,27,15,1383.85
11,27,16,679.4
11,28,8,91.95
11,28,9,1270.63
11,28,10,2884.83
11,28,11,2274.48
11,28,12,2588.53
11,28,13,3525.23
11,28,14,2246.13
11,28,15,7862.66
11,28,16,3854.57
11,28,17,137.98000000000002
11,29,8,529.34
11,29,9,3822.8199999999997
11,29,10,4329.93
11,29,11,7059.05
11,29,12,3067.17
11,29,13,3934.74
11,29,14,2786.11
11,29,15,3569.01
11,29,16,6686.82
11,29,17,647.08
11,29,18,200.87
11,30,8,2444.87
11,30,9,723.06
11,30,10,3357.54
11,30,11,3588.55
11,30,12,2799.13
11,30,13,711.54
11,30,14,4922.78
11,30,15,7021.55
11,30,16,3154.1
11,30,17,604.11
12,1,8,1339.26
12,1,9,3344.56
12,1,10,3788.4
12,1,11,4383.49
12,1,12,4933.0
12,1,13,5106.65
12,1,14,6486.58
12,1,15,5255.81
12,1,16,9809.52
12,1,17,4676.95
12,1,18,804.31
12,1,19,720.11
12,2,7,173.6
12,2,8,366.84000000000003
12,2,9,1308.49
12,2,10,7266.76
12,2,11,4411.9400000000005
12,2,12,4943.27
12,2,13,6300.46
12,2,14,3002.71
12,2,15,9430.42
12,2,16,10212.83
12,2,17,2115.0
12,2,18,811.4
12,2,19,278.5
12,3,9,2458.28
12,3,10,887.35
12,3,11,5543.29
12,3,12,4052.75
12,3,13,2186.28
12,3,14,10114.72
12,3,15,564.87
12,3,16,415.04
12,3,17,902.9
12,4,10,1166.28
12,4,11,1567.17
12,4,12,2001.11
12,4,13,1871.6200000000001
12,4,14,3797.3
12,4,15,1473.66
12,4,16,416.44
12,5,8,300.62
12,5,9,741.98
12,5,10,3061.7799999999997
12,5,11,9959.05
12,5,12,6980.95
12,5,13,6154.27
12,5,14,9826.54
12,5,15,3615.98
12,5,16,3702.07
12,5,17,10948.32
12,6,8,1633.57
12,6,9,7456.820000000001
12,6,10,8977.03
12,6,11,3499.58
12,6,12,9447.2
12,6,13,5503.54
12,6,14,3659.17
12,6,15,2855.65
12,6,16,8706.54
12,6,17,1201.71
12,7,8,2087.77
12,7,9,3731.94
12,7,10,8982.72
12,7,11,4720.19
12,7,12,11005.16
12,7,13,6299.04
12,7,14,2935.12
12,7,15,21390.58
12,7,16,10956.810000000001
12,7,17,661.2
12,7,18,2227.15
12,8,8,841.88
12,8,9,9798.76
12,8,10,5989.17
12,8,11,6218.75
12,8,12,7630.79
12,8,13,5792.2300000000005
12,8,14,6407.34
12,8,15,5037.59
12,8,16,5006.2699999999995
12,8,17,449.83
12,8,18,3388.42
12,8,19,628.64
12,8,20,35.87
12,9,8,1250.8899999999999
12,9,9,2650.41
12,9,10,16563.74
12,9,11,2709.84
12,9,12,4869.75
12,9,13,2328.06
12,9,14,5168.89
12,9,15,920.32
12,9,16,4034.08
12,9,17,105.13
12,9,18,228.9
12,9,19,499.95
12,9,20,118.08
12,10,9,4170.8
12,10,10,6155.780000000001
12,10,11,1992.37
12,10,12,2215.8
12,10,13,1731.54
12,10,14,4060.86
12,10,15,14632.72
12,10,16,320.06
12,10,17,152.9
12,12,10,562.8199999999999
12,12,11,3037.04
12,12,12,1491.3899999999999
12,12,13,1333.53
12,12,14,1484.64
12,12,16,673.42
12,13,9,3698.86
12,13,10,1755.2
12,13,11,3168.98
12,13,12,1324.1200000000001
12,13,13,2038.67
12,13,14,1947.8600000000001
12,13,15,3943.78
12,13,16,275.21999999999997
12,13,17,539.65
12,14,9,927.35
12,14,10,954.94
12,14,11,2803.6
12,14,12,2909.13
12,14,13,7170.39
12,14,14,1175.9
12,14,15,12042.91
12,14,16,290.87
12,14,17,110.3
12,15,9,488.89
12,15,10,1600.31
12,15,11,3408.01
12,15,12,3455.86
12,15,13,1007.53
12,15,14,1382.6100000000001
12,15,15,2086.7400000000002
12,15,16,1632.33
12,15,17,182.72
12,16,8,779.63
12,16,9,2662.69
12,16,10,2358.53
12,16,11,2688.32
12,16,12,1709.04
12,16,13,2016.44
12,16,14,1430.16
12,16,15,1743.23
12,16,16,916.6
12,16,17,1361.89
12,16,18,932.55
12,16,19,1598.22
12,17,8,185.01
12,17,9,1967.26
12,17,10,2153.7
12,17,11,1355.4
12,17,12,1517.76
12,17,13,475.41
12,17,14,7379.32
12,17,15,2114.04
12,17,16,2128.97
12,17,17,3194.92
12,19,10,112.25
12,19,11,1820.14
12,19,12,227.74
12,19,13,371.01
12,19,14,666.28
12,19,15,658.3
12,20,8,50.099999999999994
12,20,9,390.85
12,20,10,1726.84
12,20,11,1108.78
12,20,12,3112.81
12,20,13,3442.23
12,20,14,1393.08
12,20,15,1782.6100000000001
12,20,16,488.42
12,20,17,456.25
12,21,9,459.15000000000003
12,21,10,705.77
12,21,12,612.31
12,21,13,1782.1100000000001
12,21,14,463.06
12,21,15,23431.56
12,21,16,64.95
12,21,17,167.05
12,22,10,161.9
12,22,11,450.0
12,22,12,399.65
12,22,13,607.04
12,22,14,316.92
12,22,15,4.65
12,22,16,610.8
12,23,10,187.65
12,23,11,642.85
12,23,12,1390.35
12,23,13,2157.73
12,23,14,689.61
12,23,15,530.7
12,23,16,173.7
12,23,17,2.1
